character_a,relation,character_b
Abaddon,,Aiko
Aiko,,Abaddon
Abaddon,Vestige,Alex
Alex,Vessel,Abaddon
Abaddon,,Amanda
Amanda,,Abaddon
Abaddon,,Amber
Amber,,Abaddon
Abaddon,,Ameille
Ameille,,Abaddon
Abaddon,,Antoinette
Antoinette,,Abaddon
Abaddon,,Azazel
Azazel,,Abaddon
Abaddon,,Bee
Bee,,Abaddon
Abaddon,,Birde
Birde,,Abaddon
Abaddon,,Brook
Brook,,Abaddon
Abaddon,,Bunny
Bunny,,Abaddon
Abaddon,,Carter
Carter,,Abaddon
Abaddon,,Cat
Cat,,Abaddon
Abaddon,,Catherine
Catherine,,Abaddon
Abaddon,,Charlotte
Charlotte,,Abaddon
Abaddon,,Chieko
Chieko,,Abaddon
Abaddon,,Chrys
Chrys,,Abaddon
Abaddon,,Connor
Connor,,Abaddon
Abaddon,,Conre
Conre,,Abaddon
Abaddon,,Creek
Creek,,Abaddon
Abaddon,,Dami
Dami,,Abaddon
Abaddon,,Emilio
Emilio,,Abaddon
Abaddon,,Emira
Emira,,Abaddon
Abaddon,,Estelle
Estelle,,Abaddon
Abaddon,,Faust
Faust,,Abaddon
Abaddon,,Fox
Fox,,Abaddon
Abaddon,,Green
Green,,Abaddon
Abaddon,,Hina
Hina,,Abaddon
Abaddon,,Io
Io,,Abaddon
Abaddon,,Jace
Jace,,Abaddon
Abaddon,,Jamie
Jamie,,Abaddon
Abaddon,,Jaylo
Jaylo,,Abaddon
Abaddon,,Kieran
Kieran,,Abaddon
Abaddon,,Kira
Kira,,Abaddon
Abaddon,,Konnie
Konnie,,Abaddon
Abaddon,,Kore
Kore,,Abaddon
Abaddon,,Lavender
Lavender,,Abaddon
Abaddon,,Leah
Leah,,Abaddon
Abaddon,,Lee
Lee,,Abaddon
Abaddon,,Len
Len,,Abaddon
Abaddon,,Leonidas
Leonidas,,Abaddon
Abaddon,,Loki
Loki,,Abaddon
Abaddon,,Loki Primavera
Loki Primavera,,Abaddon
Abaddon,,Luca
Luca,,Abaddon
Abaddon,,Lucielle
Lucielle,,Abaddon
Abaddon,,Margot
Margot,,Abaddon
Abaddon,,Marx
Marx,,Abaddon
Abaddon,Aspect of Balance,Mephisto
Mephisto,Aspect of Chaos,Abaddon
Abaddon,,Moyo
Moyo,,Abaddon
Abaddon,,Natz
Natz,,Abaddon
Abaddon,Reviver,Persephone
Persephone,Revived by,Abaddon
Abaddon,,Pherenix
Pherenix,,Abaddon
Abaddon,,Rat
Rat,,Abaddon
Abaddon,,Rei
Rei,,Abaddon
Abaddon,,S
S,,Abaddon
Abaddon,,Sierra
Sierra,,Abaddon
Abaddon,,Soren
Soren,,Abaddon
Abaddon,,Taka
Taka,,Abaddon
Abaddon,,Vanessa
Vanessa,,Abaddon
Abaddon,,Vi
Vi,,Abaddon
Abaddon,,X
X,,Abaddon
Abaddon,,Zayne
Zayne,,Abaddon
Abaddon,,Zeph
Zeph,,Abaddon
Abaddon,,Zero
Zero,,Abaddon
Aiko,,Alex
Alex,,Aiko
Aiko,,Amanda
Amanda,,Aiko
Aiko,Friend,Amber
Amber,Friend,Aiko
Aiko,,Ameille
Ameille,,Aiko
Aiko,Nemesis,Antoinette
Antoinette,Nemesis,Aiko
Aiko,,Azazel
Azazel,,Aiko
Aiko,,Bee
Bee,,Aiko
Aiko,,Birde
Birde,,Aiko
Aiko,,Brook
Brook,,Aiko
Aiko,Enemy,Bunny
Bunny,Enemy,Aiko
Aiko,,Carter
Carter,,Aiko
Aiko,,Cat
Cat,,Aiko
Aiko,,Catherine
Catherine,,Aiko
Aiko,,Charlotte
Charlotte,,Aiko
Aiko,Friend,Chieko
Chieko,Friend,Aiko
Aiko,Ally,Chrys
Chrys,Ally,Aiko
Aiko,,Connor
Connor,,Aiko
Aiko,,Conre
Conre,,Aiko
Aiko,,Creek
Creek,,Aiko
Aiko,,Dami
Dami,,Aiko
Aiko,,Emilio
Emilio,,Aiko
Aiko,Best Friend,Emira
Emira,Best Friend,Aiko
Aiko,,Estelle
Estelle,,Aiko
Aiko,,Faust
Faust,,Aiko
Aiko,Enemy,Fox
Fox,Enemy,Aiko
Aiko,Enemy,Green
Green,Enemy,Aiko
Aiko,Friend,Hina
Hina,Friend,Aiko
Aiko,,Io
Io,,Aiko
Aiko,,Jace
Jace,,Aiko
Aiko,,Jamie
Jamie,,Aiko
Aiko,Past self,Jaylo
Jaylo,Future self,Aiko
Aiko,Captive,Kieran
Kieran,Captor,Aiko
Aiko,,Kira
Kira,,Aiko
Aiko,Friend,Konnie
Konnie,Friend,Aiko
Aiko,,Kore
Kore,,Aiko
Aiko,,Lavender
Lavender,,Aiko
Aiko,,Leah
Leah,,Aiko
Aiko,,Lee
Lee,,Aiko
Aiko,,Len
Len,,Aiko
Aiko,,Leonidas
Leonidas,,Aiko
Aiko,,Loki
Loki,Girlfriend,Aiko
Aiko,Girlfriend,Loki Primavera
Loki Primavera,,Aiko
Aiko,,Luca
Luca,,Aiko
Aiko,,Lucielle
Lucielle,,Aiko
Aiko,,Margot
Margot,,Aiko
Aiko,,Marx
Marx,,Aiko
Aiko,,Mephisto
Mephisto,,Aiko
Aiko,Friend,Moyo
Moyo,Friend,Aiko
Aiko,,Natz
Natz,,Aiko
Aiko,Friend,Persephone
Persephone,Friend,Aiko
Aiko,,Pherenix
Pherenix,,Aiko
Aiko,,Rat
Rat,,Aiko
Aiko,,Rei
Rei,,Aiko
Aiko,,S
S,Enemy,Aiko
Aiko,Enemy,Sierra
Sierra,,Aiko
Aiko,,Soren
Soren,,Aiko
Aiko,,Taka
Taka,,Aiko
Aiko,,Vanessa
Vanessa,,Aiko
Aiko,,Vi
Vi,,Aiko
Aiko,,X
X,,Aiko
Aiko,,Zayne
Zayne,,Aiko
Aiko,,Zeph
Zeph,,Aiko
Aiko,,Zero
Zero,,Aiko
Alex,,Amanda
Amanda,,Alex
Alex,,Amber
Amber,,Alex
Alex,,Ameille
Ameille,,Alex
Alex,,Antoinette
Antoinette,,Alex
Alex,,Azazel
Azazel,,Alex
Alex,,Bee
Bee,,Alex
Alex,,Birde
Birde,,Alex
Alex,Host,Brook
Brook,Stowaway,Alex
Alex,,Bunny
Bunny,,Alex
Alex,Bartender,Carter
Carter,Regular,Alex
Alex,Acquaintence,Cat
Cat,Acquaintence,Alex
Alex,,Catherine
Catherine,,Alex
Alex,,Charlotte
Charlotte,,Alex
Alex,,Chieko
Chieko,,Alex
Alex,Bartender,Chrys
Chrys,Regular,Alex
Alex,Bartender,Connor
Connor,Regular,Alex
Alex,,Conre
Conre,,Alex
Alex,,Creek
Creek,,Alex
Alex,,Dami
Dami,,Alex
Alex,Future self,Emilio
Emilio,Past self,Alex
Alex,,Emira
Emira,,Alex
Alex,,Estelle
Estelle,,Alex
Alex,,Faust
Faust,,Alex
Alex,,Fox
Fox,,Alex
Alex,,Green
Green,,Alex
Alex,,Hina
Hina,,Alex
Alex,,Io
Io,,Alex
Alex,,Jace
Jace,,Alex
Alex,,Jamie
Jamie,,Alex
Alex,Adoptive Father,Jaylo
Jaylo,Adoptive Daughter,Alex
Alex,,Kieran
Kieran,,Alex
Alex,,Kira
Kira,,Alex
Alex,,Konnie
Konnie,,Alex
Alex,,Kore
Kore,,Alex
Alex,,Lavender
Lavender,,Alex
Alex,,Leah
Leah,,Alex
Alex,,Lee
Lee,,Alex
Alex,Adoptive Father,Len
Len,Adoptive Daughter,Alex
Alex,,Leonidas
Leonidas,,Alex
Alex,,Loki
Loki,,Alex
Alex,,Loki Primavera
Loki Primavera,,Alex
Alex,,Luca
Luca,,Alex
Alex,,Lucielle
Lucielle,,Alex
Alex,,Margot
Margot,,Alex
Alex,Acquaintence,Marx
Marx,Acquaintence,Alex
Alex,,Mephisto
Mephisto,,Alex
Alex,,Moyo
Moyo,,Alex
Alex,,Natz
Natz,,Alex
Alex,,Persephone
Persephone,,Alex
Alex,Bartender,Pherenix
Pherenix,Occasional bargoer,Alex
Alex,,Rat
Rat,,Alex
Alex,,Rei
Rei,,Alex
Alex,,S
S,,Alex
Alex,,Sierra
Sierra,,Alex
Alex,,Soren
Soren,,Alex
Alex,,Taka
Taka,,Alex
Alex,,Vanessa
Vanessa,,Alex
Alex,,Vi
Vi,,Alex
Alex,,X
X,,Alex
Alex,,Zayne
Zayne,,Alex
Alex,,Zeph
Zeph,,Alex
Alex,,Zero
Zero,,Alex
Amanda,,Amber
Amber,,Amanda
Amanda,,Ameille
Ameille,,Amanda
Amanda,,Antoinette
Antoinette,,Amanda
Amanda,,Azazel
Azazel,Accomplice in Amanda's murder,Amanda
Amanda,,Bee
Bee,,Amanda
Amanda,,Birde
Birde,Accomplice in Amanda's murder,Amanda
Amanda,,Brook
Brook,,Amanda
Amanda,,Bunny
Bunny,,Amanda
Amanda,,Carter
Carter,,Amanda
Amanda,Friend,Cat
Cat,Friend,Amanda
Amanda,,Catherine
Catherine,,Amanda
Amanda,,Charlotte
Charlotte,,Amanda
Amanda,,Chieko
Chieko,,Amanda
Amanda,,Chrys
Chrys,,Amanda
Amanda,Friend,Connor
Connor,Friend,Amanda
Amanda,,Conre
Conre,,Amanda
Amanda,Squadmate,Creek
Creek,Squadmate,Amanda
Amanda,,Dami
Dami,,Amanda
Amanda,,Emilio
Emilio,,Amanda
Amanda,,Emira
Emira,,Amanda
Amanda,,Estelle
Estelle,Annoying co-worker,Amanda
Amanda,Annoying co-worker,Faust
Faust,,Amanda
Amanda,,Fox
Fox,,Amanda
Amanda,,Green
Green,,Amanda
Amanda,,Hina
Hina,,Amanda
Amanda,,Io
Io,,Amanda
Amanda,Friend,Jace
Jace,Friend,Amanda
Amanda,,Jamie
Jamie,,Amanda
Amanda,,Jaylo
Jaylo,,Amanda
Amanda,,Kieran
Kieran,,Amanda
Amanda,,Kira
Kira,,Amanda
Amanda,,Konnie
Konnie,,Amanda
Amanda,,Kore
Kore,,Amanda
Amanda,,Lavender
Lavender,,Amanda
Amanda,Daughter,Leah
Leah,Mother,Amanda
Amanda,Murdered by,Lee
Lee,Murderer,Amanda
Amanda,,Len
Len,,Amanda
Amanda,Crush,Leonidas
Leonidas,Crush,Amanda
Amanda,,Loki
Loki,,Amanda
Amanda,,Loki Primavera
Loki Primavera,,Amanda
Amanda,,Luca
Luca,,Amanda
Amanda,,Lucielle
Lucielle,,Amanda
Amanda,,Margot
Margot,,Amanda
Amanda,Daughter,Marx
Marx,Father,Amanda
Amanda,,Mephisto
Mephisto,,Amanda
Amanda,,Moyo
Moyo,,Amanda
Amanda,Niece,Natz
Natz,Uncle,Amanda
Amanda,,Persephone
Persephone,,Amanda
Amanda,Squadmate,Pherenix
Pherenix,Squadmate,Amanda
Amanda,,Rat
Rat,,Amanda
Amanda,,Rei
Rei,,Amanda
Amanda,,S
S,,Amanda
Amanda,,Sierra
Sierra,,Amanda
Amanda,,Soren
Soren,,Amanda
Amanda,,Taka
Taka,,Amanda
Amanda,,Vanessa
Vanessa,,Amanda
Amanda,Squadmate,Vi
Vi,Squadmate,Amanda
Amanda,,X
X,,Amanda
Amanda,,Zayne
Zayne,,Amanda
Amanda,Friend,Zeph
Zeph,Friend,Amanda
Amanda,,Zero
Zero,,Amanda
Amber,,Ameille
Ameille,,Amber
Amber,,Antoinette
Antoinette,,Amber
Amber,,Azazel
Azazel,,Amber
Amber,,Bee
Bee,,Amber
Amber,,Birde
Birde,,Amber
Amber,,Brook
Brook,,Amber
Amber,,Bunny
Bunny,,Amber
Amber,,Carter
Carter,,Amber
Amber,,Cat
Cat,,Amber
Amber,,Catherine
Catherine,,Amber
Amber,,Charlotte
Charlotte,,Amber
Amber,Friend,Chieko
Chieko,Friend,Amber
Amber,Ally,Chrys
Chrys,Ally,Amber
Amber,,Connor
Connor,,Amber
Amber,,Conre
Conre,,Amber
Amber,,Creek
Creek,,Amber
Amber,,Dami
Dami,,Amber
Amber,,Emilio
Emilio,,Amber
Amber,Friend,Emira
Emira,Friend,Amber
Amber,,Estelle
Estelle,,Amber
Amber,,Faust
Faust,,Amber
Amber,,Fox
Fox,,Amber
Amber,,Green
Green,,Amber
Amber,Friend,Hina
Hina,Friend,Amber
Amber,,Io
Io,,Amber
Amber,,Jace
Jace,,Amber
Amber,,Jamie
Jamie,,Amber
Amber,,Jaylo
Jaylo,,Amber
Amber,,Kieran
Kieran,,Amber
Amber,,Kira
Kira,,Amber
Amber,Friend,Konnie
Konnie,Friend,Amber
Amber,,Kore
Kore,,Amber
Amber,,Lavender
Lavender,,Amber
Amber,,Leah
Leah,,Amber
Amber,,Lee
Lee,,Amber
Amber,,Len
Len,,Amber
Amber,,Leonidas
Leonidas,,Amber
Amber,Friend,Loki
Loki,Friend,Amber
Amber,,Loki Primavera
Loki Primavera,,Amber
Amber,,Luca
Luca,,Amber
Amber,,Lucielle
Lucielle,,Amber
Amber,,Margot
Margot,,Amber
Amber,,Marx
Marx,,Amber
Amber,,Mephisto
Mephisto,,Amber
Amber,Friend,Moyo
Moyo,Friend,Amber
Amber,,Natz
Natz,,Amber
Amber,Friend,Persephone
Persephone,Friend,Amber
Amber,,Pherenix
Pherenix,,Amber
Amber,,Rat
Rat,,Amber
Amber,,Rei
Rei,,Amber
Amber,,S
S,,Amber
Amber,,Sierra
Sierra,,Amber
Amber,,Soren
Soren,,Amber
Amber,,Taka
Taka,,Amber
Amber,,Vanessa
Vanessa,,Amber
Amber,,Vi
Vi,,Amber
Amber,,X
X,,Amber
Amber,,Zayne
Zayne,,Amber
Amber,,Zeph
Zeph,,Amber
Amber,,Zero
Zero,,Amber
Ameille,,Antoinette
Antoinette,,Ameille
Ameille,,Azazel
Azazel,,Ameille
Ameille,,Bee
Bee,,Ameille
Ameille,,Birde
Birde,,Ameille
Ameille,,Brook
Brook,,Ameille
Ameille,,Bunny
Bunny,,Ameille
Ameille,,Carter
Carter,,Ameille
Ameille,,Cat
Cat,,Ameille
Ameille,,Catherine
Catherine,,Ameille
Ameille,,Charlotte
Charlotte,,Ameille
Ameille,,Chieko
Chieko,,Ameille
Ameille,,Chrys
Chrys,,Ameille
Ameille,Sister in-law,Connor
Connor,Brother in-law,Ameille
Ameille,,Conre
Conre,,Ameille
Ameille,,Creek
Creek,,Ameille
Ameille,Mother,Dami
Dami,Son,Ameille
Ameille,,Emilio
Emilio,,Ameille
Ameille,,Emira
Emira,,Ameille
Ameille,,Estelle
Estelle,,Ameille
Ameille,,Faust
Faust,,Ameille
Ameille,,Fox
Fox,,Ameille
Ameille,,Green
Green,,Ameille
Ameille,,Hina
Hina,,Ameille
Ameille,,Io
Io,,Ameille
Ameille,,Jace
Jace,,Ameille
Ameille,,Jamie
Jamie,,Ameille
Ameille,,Jaylo
Jaylo,,Ameille
Ameille,,Kieran
Kieran,,Ameille
Ameille,,Kira
Kira,,Ameille
Ameille,,Konnie
Konnie,,Ameille
Ameille,,Kore
Kore,,Ameille
Ameille,,Lavender
Lavender,,Ameille
Ameille,,Leah
Leah,,Ameille
Ameille,,Lee
Lee,,Ameille
Ameille,,Len
Len,,Ameille
Ameille,,Leonidas
Leonidas,,Ameille
Ameille,,Loki
Loki,,Ameille
Ameille,,Loki Primavera
Loki Primavera,,Ameille
Ameille,,Luca
Luca,,Ameille
Ameille,Aunt,Lucielle
Lucielle,Niece,Ameille
Ameille,,Margot
Margot,,Ameille
Ameille,,Marx
Marx,,Ameille
Ameille,,Mephisto
Mephisto,,Ameille
Ameille,,Moyo
Moyo,,Ameille
Ameille,,Natz
Natz,,Ameille
Ameille,Mother,Persephone
Persephone,Daughter,Ameille
Ameille,Wife,Pherenix
Pherenix,Husband,Ameille
Ameille,,Rat
Rat,,Ameille
Ameille,Sister in-law,Rei
Rei,Sister in-law,Ameille
Ameille,,S
S,,Ameille
Ameille,,Sierra
Sierra,,Ameille
Ameille,,Soren
Soren,,Ameille
Ameille,,Taka
Taka,,Ameille
Ameille,,Vanessa
Vanessa,,Ameille
Ameille,,Vi
Vi,,Ameille
Ameille,,X
X,,Ameille
Ameille,,Zayne
Zayne,,Ameille
Ameille,,Zeph
Zeph,,Ameille
Ameille,,Zero
Zero,,Ameille
Antoinette,,Azazel
Azazel,,Antoinette
Antoinette,,Bee
Bee,,Antoinette
Antoinette,,Birde
Birde,,Antoinette
Antoinette,,Brook
Brook,,Antoinette
Antoinette,Sergeant,Bunny
Bunny,General,Antoinette
Antoinette,,Carter
Carter,,Antoinette
Antoinette,,Cat
Cat,,Antoinette
Antoinette,Sergeant,Catherine
Catherine,Spy,Antoinette
Antoinette,,Charlotte
Charlotte,,Antoinette
Antoinette,Nemesis,Chieko
Chieko,Nemesis,Antoinette
Antoinette,Sergeant,Chrys
Chrys,Deserter,Antoinette
Antoinette,,Connor
Connor,,Antoinette
Antoinette,,Conre
Conre,,Antoinette
Antoinette,,Creek
Creek,,Antoinette
Antoinette,Sergeant,Dami
Dami,"Courier, spy",Antoinette
Antoinette,,Emilio
Emilio,,Antoinette
Antoinette,Nemesis,Emira
Emira,Nemesis,Antoinette
Antoinette,,Estelle
Estelle,,Antoinette
Antoinette,,Faust
Faust,,Antoinette
Antoinette,Sergeant,Fox
Fox,General,Antoinette
Antoinette,Sergeant,Green
Green,General,Antoinette
Antoinette,,Hina
Hina,,Antoinette
Antoinette,,Io
Io,,Antoinette
Antoinette,,Jace
Jace,,Antoinette
Antoinette,,Jamie
Jamie,,Antoinette
Antoinette,,Jaylo
Jaylo,,Antoinette
Antoinette,Older sister,Kieran
Kieran,Younger brother,Antoinette
Antoinette,Sergeant,Kira
Kira,Private,Antoinette
Antoinette,Nemesis,Konnie
Konnie,Nemesis,Antoinette
Antoinette,"Sergeant, abuser",Kore
Kore,"Captive, test subject, spy",Antoinette
Antoinette,Sergeant,Lavender
Lavender,General,Antoinette
Antoinette,,Leah
Leah,,Antoinette
Antoinette,False daughter,Lee
Lee,False father,Antoinette
Antoinette,,Len
Len,,Antoinette
Antoinette,,Leonidas
Leonidas,,Antoinette
Antoinette,Adoptive mother,Loki
Loki,Adoptive daughter,Antoinette
Antoinette,,Loki Primavera
Loki Primavera,,Antoinette
Antoinette,,Luca
Luca,,Antoinette
Antoinette,,Lucielle
Lucielle,,Antoinette
Antoinette,,Margot
Margot,,Antoinette
Antoinette,Niece,Marx
Marx,Uncle,Antoinette
Antoinette,,Mephisto
Mephisto,,Antoinette
Antoinette,Nemesis,Moyo
Moyo,Nemesis,Antoinette
Antoinette,Daughter,Natz
Natz,Father,Antoinette
Antoinette,,Persephone
Persephone,,Antoinette
Antoinette,,Pherenix
Pherenix,,Antoinette
Antoinette,Sergeant,Rat
Rat,Private,Antoinette
Antoinette,,Rei
Rei,,Antoinette
Antoinette,"Girlfriend, Sergeant",S
S,"Girlfriend, General",Antoinette
Antoinette,,Sierra
Sierra,,Antoinette
Antoinette,,Soren
Soren,,Antoinette
Antoinette,Sergeant,Taka
Taka,Private,Antoinette
Antoinette,,Vanessa
Vanessa,,Antoinette
Antoinette,,Vi
Vi,,Antoinette
Antoinette,,X
X,,Antoinette
Antoinette,,Zayne
Zayne,,Antoinette
Antoinette,,Zeph
Zeph,,Antoinette
Antoinette,Sergeant,Zero
Zero,Private,Antoinette
Azazel,,Bee
Bee,,Azazel
Azazel,,Birde
Birde,,Azazel
Azazel,,Brook
Brook,,Azazel
Azazel,,Bunny
Bunny,,Azazel
Azazel,,Carter
Carter,,Azazel
Azazel,,Cat
Cat,,Azazel
Azazel,,Catherine
Catherine,,Azazel
Azazel,,Charlotte
Charlotte,,Azazel
Azazel,,Chieko
Chieko,,Azazel
Azazel,,Chrys
Chrys,,Azazel
Azazel,,Connor
Connor,,Azazel
Azazel,,Conre
Conre,,Azazel
Azazel,,Creek
Creek,,Azazel
Azazel,,Dami
Dami,,Azazel
Azazel,,Emilio
Emilio,,Azazel
Azazel,,Emira
Emira,,Azazel
Azazel,,Estelle
Estelle,,Azazel
Azazel,,Faust
Faust,,Azazel
Azazel,,Fox
Fox,,Azazel
Azazel,,Green
Green,,Azazel
Azazel,,Hina
Hina,,Azazel
Azazel,,Io
Io,,Azazel
Azazel,Parasite,Jace
Jace,Host,Azazel
Azazel,,Jamie
Jamie,,Azazel
Azazel,,Jaylo
Jaylo,,Azazel
Azazel,,Kieran
Kieran,,Azazel
Azazel,,Kira
Kira,,Azazel
Azazel,,Konnie
Konnie,,Azazel
Azazel,,Kore
Kore,,Azazel
Azazel,,Lavender
Lavender,,Azazel
Azazel,,Leah
Leah,,Azazel
Azazel,,Lee
Lee,,Azazel
Azazel,,Len
Len,,Azazel
Azazel,,Leonidas
Leonidas,,Azazel
Azazel,,Loki
Loki,,Azazel
Azazel,,Loki Primavera
Loki Primavera,,Azazel
Azazel,,Luca
Luca,,Azazel
Azazel,,Lucielle
Lucielle,,Azazel
Azazel,,Margot
Margot,,Azazel
Azazel,,Marx
Marx,,Azazel
Azazel,,Mephisto
Mephisto,,Azazel
Azazel,,Moyo
Moyo,,Azazel
Azazel,,Natz
Natz,,Azazel
Azazel,,Persephone
Persephone,,Azazel
Azazel,,Pherenix
Pherenix,,Azazel
Azazel,,Rat
Rat,,Azazel
Azazel,,Rei
Rei,,Azazel
Azazel,,S
S,,Azazel
Azazel,,Sierra
Sierra,,Azazel
Azazel,,Soren
Soren,,Azazel
Azazel,,Taka
Taka,,Azazel
Azazel,,Vanessa
Vanessa,,Azazel
Azazel,,Vi
Vi,,Azazel
Azazel,,X
X,,Azazel
Azazel,,Zayne
Zayne,,Azazel
Azazel,,Zeph
Zeph,,Azazel
Azazel,,Zero
Zero,,Azazel
Bee,,Birde
Birde,,Bee
Bee,,Brook
Brook,,Bee
Bee,,Bunny
Bunny,,Bee
Bee,,Carter
Carter,,Bee
Bee,,Cat
Cat,,Bee
Bee,,Catherine
Catherine,,Bee
Bee,,Charlotte
Charlotte,,Bee
Bee,Universal Variant,Chieko
Chieko,Universal Variant,Bee
Bee,,Chrys
Chrys,,Bee
Bee,,Connor
Connor,,Bee
Bee,Squadmate,Conre
Conre,Squadmate,Bee
Bee,,Creek
Creek,,Bee
Bee,Squadmate,Dami
Dami,Squadmate,Bee
Bee,,Emilio
Emilio,,Bee
Bee,,Emira
Emira,,Bee
Bee,,Estelle
Estelle,,Bee
Bee,,Faust
Faust,,Bee
Bee,,Fox
Fox,,Bee
Bee,,Green
Green,,Bee
Bee,,Hina
Hina,,Bee
Bee,,Io
Io,,Bee
Bee,,Jace
Jace,,Bee
Bee,,Jamie
Jamie,,Bee
Bee,,Jaylo
Jaylo,,Bee
Bee,,Kieran
Kieran,Sergeant,Bee
Bee,Private,Kira
Kira,,Bee
Bee,,Konnie
Konnie,,Bee
Bee,,Kore
Kore,,Bee
Bee,,Lavender
Lavender,,Bee
Bee,,Leah
Leah,,Bee
Bee,,Lee
Lee,,Bee
Bee,,Len
Len,,Bee
Bee,,Leonidas
Leonidas,,Bee
Bee,,Loki
Loki,,Bee
Bee,,Loki Primavera
Loki Primavera,,Bee
Bee,,Luca
Luca,,Bee
Bee,,Lucielle
Lucielle,,Bee
Bee,,Margot
Margot,,Bee
Bee,,Marx
Marx,,Bee
Bee,,Mephisto
Mephisto,,Bee
Bee,,Moyo
Moyo,,Bee
Bee,,Natz
Natz,,Bee
Bee,,Persephone
Persephone,,Bee
Bee,,Pherenix
Pherenix,,Bee
Bee,,Rat
Rat,,Bee
Bee,,Rei
Rei,,Bee
Bee,,S
S,,Bee
Bee,,Sierra
Sierra,,Bee
Bee,Squadmate,Soren
Soren,Squadmate,Bee
Bee,,Taka
Taka,,Bee
Bee,,Vanessa
Vanessa,,Bee
Bee,,Vi
Vi,,Bee
Bee,,X
X,,Bee
Bee,,Zayne
Zayne,,Bee
Bee,Spouse,Zeph
Zeph,Spouse,Bee
Bee,,Zero
Zero,,Bee
Birde,,Brook
Brook,,Birde
Birde,,Bunny
Bunny,,Birde
Birde,,Carter
Carter,,Birde
Birde,Squadmate,Cat
Cat,Squadmate,Birde
Birde,,Catherine
Catherine,,Birde
Birde,,Charlotte
Charlotte,,Birde
Birde,,Chieko
Chieko,,Birde
Birde,,Chrys
Chrys,,Birde
Birde,Abuser,Connor
Connor,Abusee,Birde
Birde,Spouse,Conre
Conre,Spouse,Birde
Birde,,Creek
Creek,,Birde
Birde,,Dami
Dami,,Birde
Birde,,Emilio
Emilio,,Birde
Birde,,Emira
Emira,,Birde
Birde,,Estelle
Estelle,,Birde
Birde,,Faust
Faust,,Birde
Birde,,Fox
Fox,,Birde
Birde,,Green
Green,,Birde
Birde,,Hina
Hina,,Birde
Birde,Future self,Io
Io,Past self,Birde
Birde,,Jace
Jace,,Birde
Birde,,Jamie
Jamie,,Birde
Birde,,Jaylo
Jaylo,,Birde
Birde,,Kieran
Kieran,,Birde
Birde,,Kira
Kira,,Birde
Birde,,Konnie
Konnie,,Birde
Birde,,Kore
Kore,,Birde
Birde,,Lavender
Lavender,,Birde
Birde,,Leah
Leah,,Birde
Birde,General,Lee
Lee,Sergeant,Birde
Birde,,Len
Len,,Birde
Birde,,Leonidas
Leonidas,,Birde
Birde,,Loki
Loki,,Birde
Birde,,Loki Primavera
Loki Primavera,,Birde
Birde,,Luca
Luca,,Birde
Birde,,Lucielle
Lucielle,,Birde
Birde,,Margot
Margot,,Birde
Birde,"Spy, courier",Marx
Marx,Sergeant,Birde
Birde,,Mephisto
Mephisto,,Birde
Birde,,Moyo
Moyo,,Birde
Birde,,Natz
Natz,,Birde
Birde,,Persephone
Persephone,,Birde
Birde,,Pherenix
Pherenix,,Birde
Birde,,Rat
Rat,,Birde
Birde,Trafficker,Rei
Rei,Captive,Birde
Birde,,S
S,,Birde
Birde,Ally,Sierra
Sierra,Ally,Birde
Birde,,Soren
Soren,,Birde
Birde,,Taka
Taka,,Birde
Birde,,Vanessa
Vanessa,,Birde
Birde,,Vi
Vi,,Birde
Birde,,X
X,,Birde
Birde,,Zayne
Zayne,,Birde
Birde,Squadmate,Zeph
Zeph,Squadmate,Birde
Birde,,Zero
Zero,,Birde
Brook,,Bunny
Bunny,,Brook
Brook,,Carter
Carter,,Brook
Brook,Friend,Cat
Cat,Friend,Brook
Brook,,Catherine
Catherine,,Brook
Brook,,Charlotte
Charlotte,,Brook
Brook,,Chieko
Chieko,,Brook
Brook,,Chrys
Chrys,,Brook
Brook,Adoptive daughter,Connor
Connor,Adoptive father,Brook
Brook,,Conre
Conre,,Brook
Brook,Biological daughter,Creek
Creek,Biological mother,Brook
Brook,,Dami
Dami,,Brook
Brook,,Emilio
Emilio,,Brook
Brook,,Emira
Emira,,Brook
Brook,,Estelle
Estelle,,Brook
Brook,,Faust
Faust,,Brook
Brook,,Fox
Fox,,Brook
Brook,,Green
Green,,Brook
Brook,,Hina
Hina,,Brook
Brook,,Io
Io,,Brook
Brook,,Jace
Jace,,Brook
Brook,,Jamie
Jamie,,Brook
Brook,,Jaylo
Jaylo,,Brook
Brook,,Kieran
Kieran,,Brook
Brook,,Kira
Kira,,Brook
Brook,,Konnie
Konnie,,Brook
Brook,,Kore
Kore,,Brook
Brook,,Lavender
Lavender,,Brook
Brook,,Leah
Leah,,Brook
Brook,Biological daughter,Lee
Lee,Biological father,Brook
Brook,Friend,Len
Len,Friend,Brook
Brook,,Leonidas
Leonidas,,Brook
Brook,,Loki
Loki,,Brook
Brook,,Loki Primavera
Loki Primavera,,Brook
Brook,,Luca
Luca,,Brook
Brook,Sister,Lucielle
Lucielle,Sister,Brook
Brook,,Margot
Margot,,Brook
Brook,,Marx
Marx,,Brook
Brook,,Mephisto
Mephisto,,Brook
Brook,,Moyo
Moyo,,Brook
Brook,,Natz
Natz,,Brook
Brook,,Persephone
Persephone,,Brook
Brook,,Pherenix
Pherenix,,Brook
Brook,,Rat
Rat,,Brook
Brook,Adoptive daughter,Rei
Rei,Adoptive mother,Brook
Brook,Half-sister,S
S,Half-sister,Brook
Brook,Captive,Sierra
Sierra,Captor,Brook
Brook,,Soren
Soren,,Brook
Brook,,Taka
Taka,,Brook
Brook,,Vanessa
Vanessa,,Brook
Brook,,Vi
Vi,,Brook
Brook,,X
X,,Brook
Brook,,Zayne
Zayne,,Brook
Brook,,Zeph
Zeph,,Brook
Brook,,Zero
Zero,,Brook
Bunny,,Carter
Carter,,Bunny
Bunny,,Cat
Cat,,Bunny
Bunny,,Catherine
Catherine,,Bunny
Bunny,,Charlotte
Charlotte,,Bunny
Bunny,Sister's murderer,Chieko
Chieko,Nemesis,Bunny
Bunny,General,Chrys
Chrys,Ex-General,Bunny
Bunny,,Connor
Connor,,Bunny
Bunny,,Conre
Conre,,Bunny
Bunny,,Creek
Creek,,Bunny
Bunny,,Dami
Dami,,Bunny
Bunny,,Emilio
Emilio,,Bunny
Bunny,,Emira
Emira,,Bunny
Bunny,,Estelle
Estelle,,Bunny
Bunny,,Faust
Faust,,Bunny
Bunny,General,Fox
Fox,General,Bunny
Bunny,General,Green
Green,General,Bunny
Bunny,Murderer,Hina
Hina,Victim,Bunny
Bunny,,Io
Io,,Bunny
Bunny,,Jace
Jace,,Bunny
Bunny,,Jamie
Jamie,,Bunny
Bunny,,Jaylo
Jaylo,,Bunny
Bunny,,Kieran
Kieran,,Bunny
Bunny,,Kira
Kira,,Bunny
Bunny,,Konnie
Konnie,,Bunny
Bunny,,Kore
Kore,,Bunny
Bunny,,Lavender
Lavender,,Bunny
Bunny,,Leah
Leah,,Bunny
Bunny,,Lee
Lee,,Bunny
Bunny,,Len
Len,,Bunny
Bunny,,Leonidas
Leonidas,,Bunny
Bunny,General,Loki
Loki,Deserter,Bunny
Bunny,,Loki Primavera
Loki Primavera,,Bunny
Bunny,,Luca
Luca,,Bunny
Bunny,,Lucielle
Lucielle,,Bunny
Bunny,,Margot
Margot,,Bunny
Bunny,,Marx
Marx,,Bunny
Bunny,,Mephisto
Mephisto,,Bunny
Bunny,,Moyo
Moyo,,Bunny
Bunny,,Natz
Natz,,Bunny
Bunny,,Persephone
Persephone,,Bunny
Bunny,,Pherenix
Pherenix,,Bunny
Bunny,,Rat
Rat,,Bunny
Bunny,,Rei
Rei,,Bunny
Bunny,General,S
S,General,Bunny
Bunny,,Sierra
Sierra,,Bunny
Bunny,,Soren
Soren,,Bunny
Bunny,Boyfriend,Taka
Taka,Boyfriend,Bunny
Bunny,,Vanessa
Vanessa,,Bunny
Bunny,,Vi
Vi,,Bunny
Bunny,,X
X,,Bunny
Bunny,,Zayne
Zayne,,Bunny
Bunny,,Zeph
Zeph,,Bunny
Bunny,,Zero
Zero,,Bunny
Carter,,Cat
Cat,,Carter
Carter,,Catherine
Catherine,,Carter
Carter,,Charlotte
Charlotte,,Carter
Carter,,Chieko
Chieko,,Carter
Carter,Roommate,Chrys
Chrys,Roommate,Carter
Carter,Universal Variant,Connor
Connor,Universal Variant,Carter
Carter,Universal Variant,Conre
Conre,Universal Variant,Carter
Carter,,Creek
Creek,,Carter
Carter,,Dami
Dami,,Carter
Carter,,Emilio
Emilio,,Carter
Carter,,Emira
Emira,,Carter
Carter,,Estelle
Estelle,,Carter
Carter,,Faust
Faust,,Carter
Carter,,Fox
Fox,,Carter
Carter,,Green
Green,,Carter
Carter,,Hina
Hina,,Carter
Carter,,Io
Io,,Carter
Carter,,Jace
Jace,,Carter
Carter,,Jamie
Jamie,,Carter
Carter,,Jaylo
Jaylo,,Carter
Carter,,Kieran
Kieran,,Carter
Carter,,Kira
Kira,,Carter
Carter,,Konnie
Konnie,,Carter
Carter,,Kore
Kore,,Carter
Carter,,Lavender
Lavender,,Carter
Carter,,Leah
Leah,,Carter
Carter,,Lee
Lee,,Carter
Carter,,Len
Len,,Carter
Carter,,Leonidas
Leonidas,,Carter
Carter,,Loki
Loki,,Carter
Carter,,Loki Primavera
Loki Primavera,,Carter
Carter,Father,Luca
Luca,Son,Carter
Carter,,Lucielle
Lucielle,,Carter
Carter,,Margot
Margot,,Carter
Carter,,Marx
Marx,,Carter
Carter,,Mephisto
Mephisto,,Carter
Carter,,Moyo
Moyo,,Carter
Carter,,Natz
Natz,,Carter
Carter,,Persephone
Persephone,,Carter
Carter,,Pherenix
Pherenix,,Carter
Carter,,Rat
Rat,,Carter
Carter,,Rei
Rei,,Carter
Carter,,S
S,,Carter
Carter,,Sierra
Sierra,,Carter
Carter,,Soren
Soren,,Carter
Carter,,Taka
Taka,,Carter
Carter,,Vanessa
Vanessa,,Carter
Carter,,Vi
Vi,,Carter
Carter,,X
X,,Carter
Carter,,Zayne
Zayne,,Carter
Carter,,Zeph
Zeph,,Carter
Carter,,Zero
Zero,,Carter
Cat,,Catherine
Catherine,,Cat
Cat,,Charlotte
Charlotte,,Cat
Cat,,Chieko
Chieko,,Cat
Cat,,Chrys
Chrys,,Cat
Cat,Friend,Connor
Connor,Friend,Cat
Cat,,Conre
Conre,,Cat
Cat,Friend,Creek
Creek,Friend,Cat
Cat,,Dami
Dami,,Cat
Cat,,Emilio
Emilio,,Cat
Cat,,Emira
Emira,,Cat
Cat,,Estelle
Estelle,,Cat
Cat,,Faust
Faust,,Cat
Cat,,Fox
Fox,,Cat
Cat,,Green
Green,,Cat
Cat,,Hina
Hina,,Cat
Cat,,Io
Io,,Cat
Cat,,Jace
Jace,,Cat
Cat,,Jamie
Jamie,,Cat
Cat,,Jaylo
Jaylo,,Cat
Cat,,Kieran
Kieran,,Cat
Cat,,Kira
Kira,,Cat
Cat,,Konnie
Konnie,,Cat
Cat,,Kore
Kore,,Cat
Cat,,Lavender
Lavender,,Cat
Cat,,Leah
Leah,,Cat
Cat,,Lee
Lee,,Cat
Cat,,Len
Len,,Cat
Cat,Friend,Leonidas
Leonidas,Friend,Cat
Cat,,Loki
Loki,,Cat
Cat,,Loki Primavera
Loki Primavera,,Cat
Cat,,Luca
Luca,,Cat
Cat,,Lucielle
Lucielle,,Cat
Cat,,Margot
Margot,,Cat
Cat,Dead Mother,Marx
Marx,Son of inhabited body,Cat
Cat,,Mephisto
Mephisto,,Cat
Cat,,Moyo
Moyo,,Cat
Cat,,Natz
Natz,,Cat
Cat,,Persephone
Persephone,,Cat
Cat,,Pherenix
Pherenix,,Cat
Cat,,Rat
Rat,,Cat
Cat,Friend,Rei
Rei,Friend,Cat
Cat,,S
S,,Cat
Cat,,Sierra
Sierra,,Cat
Cat,,Soren
Soren,,Cat
Cat,,Taka
Taka,,Cat
Cat,,Vanessa
Vanessa,,Cat
Cat,,Vi
Vi,,Cat
Cat,,X
X,,Cat
Cat,,Zayne
Zayne,,Cat
Cat,Spouse,Zeph
Zeph,Spouse,Cat
Cat,,Zero
Zero,,Cat
Catherine,,Charlotte
Charlotte,,Catherine
Catherine,,Chieko
Chieko,,Catherine
Catherine,,Chrys
Chrys,,Catherine
Catherine,,Connor
Connor,,Catherine
Catherine,,Conre
Conre,,Catherine
Catherine,,Creek
Creek,,Catherine
Catherine,,Dami
Dami,,Catherine
Catherine,,Emilio
Emilio,,Catherine
Catherine,,Emira
Emira,,Catherine
Catherine,,Estelle
Estelle,,Catherine
Catherine,,Faust
Faust,,Catherine
Catherine,,Fox
Fox,,Catherine
Catherine,,Green
Green,,Catherine
Catherine,,Hina
Hina,,Catherine
Catherine,,Io
Io,,Catherine
Catherine,,Jace
Jace,,Catherine
Catherine,,Jamie
Jamie,,Catherine
Catherine,,Jaylo
Jaylo,,Catherine
Catherine,,Kieran
Kieran,,Catherine
Catherine,,Kira
Kira,,Catherine
Catherine,,Konnie
Konnie,,Catherine
Catherine,,Kore
Kore,,Catherine
Catherine,,Lavender
Lavender,,Catherine
Catherine,,Leah
Leah,,Catherine
Catherine,,Lee
Lee,,Catherine
Catherine,,Len
Len,,Catherine
Catherine,,Leonidas
Leonidas,,Catherine
Catherine,,Loki
Loki,,Catherine
Catherine,,Loki Primavera
Loki Primavera,,Catherine
Catherine,,Luca
Luca,,Catherine
Catherine,,Lucielle
Lucielle,,Catherine
Catherine,,Margot
Margot,,Catherine
Catherine,,Marx
Marx,,Catherine
Catherine,,Mephisto
Mephisto,,Catherine
Catherine,,Moyo
Moyo,,Catherine
Catherine,,Natz
Natz,,Catherine
Catherine,,Persephone
Persephone,,Catherine
Catherine,,Pherenix
Pherenix,,Catherine
Catherine,,Rat
Rat,,Catherine
Catherine,,Rei
Rei,,Catherine
Catherine,,S
S,,Catherine
Catherine,,Sierra
Sierra,,Catherine
Catherine,,Soren
Soren,,Catherine
Catherine,,Taka
Taka,,Catherine
Catherine,,Vanessa
Vanessa,,Catherine
Catherine,,Vi
Vi,,Catherine
Catherine,,X
X,,Catherine
Catherine,,Zayne
Zayne,,Catherine
Catherine,,Zeph
Zeph,,Catherine
Catherine,,Zero
Zero,,Catherine
Charlotte,,Chieko
Chieko,,Charlotte
Charlotte,,Chrys
Chrys,,Charlotte
Charlotte,,Connor
Connor,,Charlotte
Charlotte,,Conre
Conre,,Charlotte
Charlotte,,Creek
Creek,,Charlotte
Charlotte,,Dami
Dami,,Charlotte
Charlotte,,Emilio
Emilio,,Charlotte
Charlotte,,Emira
Emira,,Charlotte
Charlotte,,Estelle
Estelle,,Charlotte
Charlotte,,Faust
Faust,,Charlotte
Charlotte,,Fox
Fox,,Charlotte
Charlotte,,Green
Green,,Charlotte
Charlotte,,Hina
Hina,,Charlotte
Charlotte,,Io
Io,,Charlotte
Charlotte,,Jace
Jace,,Charlotte
Charlotte,,Jamie
Jamie,,Charlotte
Charlotte,,Jaylo
Jaylo,,Charlotte
Charlotte,,Kieran
Kieran,,Charlotte
Charlotte,,Kira
Kira,,Charlotte
Charlotte,,Konnie
Konnie,,Charlotte
Charlotte,,Kore
Kore,,Charlotte
Charlotte,,Lavender
Lavender,,Charlotte
Charlotte,,Leah
Leah,,Charlotte
Charlotte,,Lee
Lee,,Charlotte
Charlotte,,Len
Len,,Charlotte
Charlotte,,Leonidas
Leonidas,,Charlotte
Charlotte,,Loki
Loki,,Charlotte
Charlotte,,Loki Primavera
Loki Primavera,,Charlotte
Charlotte,,Luca
Luca,,Charlotte
Charlotte,,Lucielle
Lucielle,,Charlotte
Charlotte,,Margot
Margot,,Charlotte
Charlotte,,Marx
Marx,,Charlotte
Charlotte,,Mephisto
Mephisto,,Charlotte
Charlotte,,Moyo
Moyo,,Charlotte
Charlotte,,Natz
Natz,,Charlotte
Charlotte,,Persephone
Persephone,,Charlotte
Charlotte,,Pherenix
Pherenix,,Charlotte
Charlotte,,Rat
Rat,,Charlotte
Charlotte,,Rei
Rei,,Charlotte
Charlotte,,S
S,,Charlotte
Charlotte,,Sierra
Sierra,,Charlotte
Charlotte,,Soren
Soren,,Charlotte
Charlotte,,Taka
Taka,,Charlotte
Charlotte,,Vanessa
Vanessa,,Charlotte
Charlotte,,Vi
Vi,,Charlotte
Charlotte,,X
X,,Charlotte
Charlotte,,Zayne
Zayne,,Charlotte
Charlotte,,Zeph
Zeph,,Charlotte
Charlotte,,Zero
Zero,,Charlotte
Chieko,Ally,Chrys
Chrys,Ally,Chieko
Chieko,,Connor
Connor,,Chieko
Chieko,,Conre
Conre,,Chieko
Chieko,,Creek
Creek,,Chieko
Chieko,,Dami
Dami,,Chieko
Chieko,,Emilio
Emilio,,Chieko
Chieko,Friend,Emira
Emira,Friend,Chieko
Chieko,,Estelle
Estelle,,Chieko
Chieko,,Faust
Faust,,Chieko
Chieko,,Fox
Fox,,Chieko
Chieko,,Green
Green,,Chieko
Chieko,Older sister,Hina
Hina,Younger sister,Chieko
Chieko,,Io
Io,,Chieko
Chieko,,Jace
Jace,,Chieko
Chieko,,Jamie
Jamie,,Chieko
Chieko,Friend,Jaylo
Jaylo,Friend,Chieko
Chieko,Adoptive mother,Kieran
Kieran,Adoptive son,Chieko
Chieko,,Kira
Kira,,Chieko
Chieko,Friend,Konnie
Konnie,Friend,Chieko
Chieko,,Kore
Kore,,Chieko
Chieko,,Lavender
Lavender,,Chieko
Chieko,,Leah
Leah,,Chieko
Chieko,,Lee
Lee,,Chieko
Chieko,,Len
Len,,Chieko
Chieko,,Leonidas
Leonidas,,Chieko
Chieko,Friend,Loki
Loki,Friend,Chieko
Chieko,Friend,Loki Primavera
Loki Primavera,Friend,Chieko
Chieko,,Luca
Luca,,Chieko
Chieko,,Lucielle
Lucielle,,Chieko
Chieko,,Margot
Margot,,Chieko
Chieko,,Marx
Marx,,Chieko
Chieko,,Mephisto
Mephisto,,Chieko
Chieko,Partner,Moyo
Moyo,Partner,Chieko
Chieko,,Natz
Natz,,Chieko
Chieko,Friend,Persephone
Persephone,Friend,Chieko
Chieko,,Pherenix
Pherenix,,Chieko
Chieko,,Rat
Rat,,Chieko
Chieko,,Rei
Rei,,Chieko
Chieko,,S
S,,Chieko
Chieko,,Sierra
Sierra,,Chieko
Chieko,Mother in-law,Soren
Soren,Son in-law,Chieko
Chieko,,Taka
Taka,,Chieko
Chieko,,Vanessa
Vanessa,,Chieko
Chieko,,Vi
Vi,,Chieko
Chieko,,X
X,,Chieko
Chieko,,Zayne
Zayne,,Chieko
Chieko,,Zeph
Zeph,,Chieko
Chieko,,Zero
Zero,,Chieko
Chrys,Friend,Connor
Connor,Friend,Chrys
Chrys,,Conre
Conre,,Chrys
Chrys,,Creek
Creek,,Chrys
Chrys,,Dami
Dami,,Chrys
Chrys,,Emilio
Emilio,,Chrys
Chrys,Ally,Emira
Emira,Ally,Chrys
Chrys,,Estelle
Estelle,,Chrys
Chrys,,Faust
Faust,,Chrys
Chrys,Ex-General,Fox
Fox,General,Chrys
Chrys,Ex-General,Green
Green,General,Chrys
Chrys,Ally,Hina
Hina,Ally,Chrys
Chrys,,Io
Io,,Chrys
Chrys,,Jace
Jace,,Chrys
Chrys,,Jamie
Jamie,,Chrys
Chrys,,Jaylo
Jaylo,,Chrys
Chrys,,Kieran
Kieran,,Chrys
Chrys,,Kira
Kira,,Chrys
Chrys,Ally,Konnie
Konnie,Ally,Chrys
Chrys,,Kore
Kore,,Chrys
Chrys,Murderer,Lavender
Lavender,Victim,Chrys
Chrys,,Leah
Leah,,Chrys
Chrys,,Lee
Lee,,Chrys
Chrys,,Len
Len,,Chrys
Chrys,,Leonidas
Leonidas,,Chrys
Chrys,Ally,Loki
Loki,Ally,Chrys
Chrys,Friend,Loki Primavera
Loki Primavera,Friend,Chrys
Chrys,,Luca
Luca,,Chrys
Chrys,,Lucielle
Lucielle,,Chrys
Chrys,,Margot
Margot,,Chrys
Chrys,,Marx
Marx,,Chrys
Chrys,,Mephisto
Mephisto,,Chrys
Chrys,Ally,Moyo
Moyo,Ally,Chrys
Chrys,,Natz
Natz,,Chrys
Chrys,Ally,Persephone
Persephone,Ally,Chrys
Chrys,,Pherenix
Pherenix,,Chrys
Chrys,,Rat
Rat,,Chrys
Chrys,,Rei
Rei,,Chrys
Chrys,Ex-General,S
S,General,Chrys
Chrys,,Sierra
Sierra,,Chrys
Chrys,,Soren
Soren,,Chrys
Chrys,,Taka
Taka,,Chrys
Chrys,,Vanessa
Vanessa,,Chrys
Chrys,,Vi
Vi,,Chrys
Chrys,,X
X,,Chrys
Chrys,,Zayne
Zayne,,Chrys
Chrys,,Zeph
Zeph,,Chrys
Chrys,,Zero
Zero,,Chrys
Connor,Donor,Conre
Conre,Clone of Connor,Connor
Connor,,Creek
Creek,,Connor
Connor,Uncle,Dami
Dami,Nephew,Connor
Connor,,Emilio
Emilio,,Connor
Connor,,Emira
Emira,,Connor
Connor,,Estelle
Estelle,,Connor
Connor,,Faust
Faust,,Connor
Connor,,Fox
Fox,,Connor
Connor,,Green
Green,,Connor
Connor,,Hina
Hina,,Connor
Connor,,Io
Io,,Connor
Connor,,Jace
Jace,,Connor
Connor,,Jamie
Jamie,,Connor
Connor,Friend,Jaylo
Jaylo,Friend,Connor
Connor,,Kieran
Kieran,,Connor
Connor,,Kira
Kira,,Connor
Connor,,Konnie
Konnie,,Connor
Connor,,Kore
Kore,,Connor
Connor,,Lavender
Lavender,,Connor
Connor,,Leah
Leah,,Connor
Connor,Nemesis,Lee
Lee,Nemesis,Connor
Connor,,Len
Len,,Connor
Connor,Best Friend,Leonidas
Leonidas,Best Friend,Connor
Connor,,Loki
Loki,,Connor
Connor,,Loki Primavera
Loki Primavera,,Connor
Connor,,Luca
Luca,,Connor
Connor,Father,Lucielle
Lucielle,Daughter,Connor
Connor,,Margot
Margot,,Connor
Connor,"Victim, lead scientist",Marx
Marx,"Sergeant, abuser",Connor
Connor,,Mephisto
Mephisto,,Connor
Connor,,Moyo
Moyo,,Connor
Connor,Victim,Natz
Natz,Abuser,Connor
Connor,,Persephone
Persephone,,Connor
Connor,Older brother,Pherenix
Pherenix,Younger brother,Connor
Connor,,Rat
Rat,,Connor
Connor,Husband,Rei
Rei,Wife,Connor
Connor,,S
S,,Connor
Connor,,Sierra
Sierra,,Connor
Connor,,Soren
Soren,,Connor
Connor,,Taka
Taka,,Connor
Connor,,Vanessa
Vanessa,,Connor
Connor,,Vi
Vi,,Connor
Connor,,X
X,,Connor
Connor,,Zayne
Zayne,,Connor
Connor,,Zeph
Zeph,,Connor
Connor,,Zero
Zero,,Connor
Conre,,Creek
Creek,,Conre
Conre,Squadmate,Dami
Dami,Squadmate,Conre
Conre,,Emilio
Emilio,,Conre
Conre,,Emira
Emira,,Conre
Conre,,Estelle
Estelle,,Conre
Conre,,Faust
Faust,,Conre
Conre,,Fox
Fox,,Conre
Conre,,Green
Green,,Conre
Conre,,Hina
Hina,,Conre
Conre,,Io
Io,,Conre
Conre,,Jace
Jace,,Conre
Conre,,Jamie
Jamie,,Conre
Conre,Scientist,Jaylo
Jaylo,Test subject,Conre
Conre,Lead scientist,Kieran
Kieran,Sergeant,Conre
Conre,,Kira
Kira,,Conre
Conre,,Konnie
Konnie,,Conre
Conre,,Kore
Kore,,Conre
Conre,,Lavender
Lavender,,Conre
Conre,,Leah
Leah,,Conre
Conre,,Lee
Lee,,Conre
Conre,,Len
Len,,Conre
Conre,,Leonidas
Leonidas,,Conre
Conre,,Loki
Loki,,Conre
Conre,,Loki Primavera
Loki Primavera,,Conre
Conre,,Luca
Luca,,Conre
Conre,,Lucielle
Lucielle,,Conre
Conre,,Margot
Margot,,Conre
Conre,,Marx
Marx,,Conre
Conre,,Mephisto
Mephisto,,Conre
Conre,,Moyo
Moyo,,Conre
Conre,,Natz
Natz,,Conre
Conre,,Persephone
Persephone,,Conre
Conre,,Pherenix
Pherenix,,Conre
Conre,,Rat
Rat,,Conre
Conre,,Rei
Rei,,Conre
Conre,,S
S,,Conre
Conre,,Sierra
Sierra,,Conre
Conre,Squadmate,Soren
Soren,Squadmate,Conre
Conre,,Taka
Taka,,Conre
Conre,,Vanessa
Vanessa,,Conre
Conre,,Vi
Vi,,Conre
Conre,,X
X,,Conre
Conre,Squadmate,Zayne
Zayne,Squadmate,Conre
Conre,,Zeph
Zeph,,Conre
Conre,,Zero
Zero,,Conre
Creek,,Dami
Dami,,Creek
Creek,,Emilio
Emilio,,Creek
Creek,,Emira
Emira,,Creek
Creek,Test subject,Estelle
Estelle,Scientist,Creek
Creek,,Faust
Faust,,Creek
Creek,,Fox
Fox,,Creek
Creek,,Green
Green,,Creek
Creek,,Hina
Hina,,Creek
Creek,,Io
Io,,Creek
Creek,,Jace
Jace,,Creek
Creek,,Jamie
Jamie,,Creek
Creek,,Jaylo
Jaylo,,Creek
Creek,,Kieran
Kieran,,Creek
Creek,,Kira
Kira,,Creek
Creek,,Konnie
Konnie,,Creek
Creek,,Kore
Kore,,Creek
Creek,,Lavender
Lavender,,Creek
Creek,,Leah
Leah,,Creek
Creek,,Lee
Lee,,Creek
Creek,,Len
Len,,Creek
Creek,Oblivious to Creek's crush,Leonidas
Leonidas,Crush,Creek
Creek,,Loki
Loki,,Creek
Creek,,Loki Primavera
Loki Primavera,,Creek
Creek,,Luca
Luca,,Creek
Creek,,Lucielle
Lucielle,,Creek
Creek,,Margot
Margot,,Creek
Creek,"Private, courier",Marx
Marx,Sergeant,Creek
Creek,,Mephisto
Mephisto,,Creek
Creek,,Moyo
Moyo,,Creek
Creek,Private,Natz
Natz,General,Creek
Creek,,Persephone
Persephone,,Creek
Creek,,Pherenix
Pherenix,,Creek
Creek,,Rat
Rat,,Creek
Creek,,Rei
Rei,,Creek
Creek,,S
S,,Creek
Creek,Acquaintence,Sierra
Sierra,Acquaintence,Creek
Creek,,Soren
Soren,,Creek
Creek,,Taka
Taka,,Creek
Creek,,Vanessa
Vanessa,,Creek
Creek,,Vi
Vi,,Creek
Creek,,X
X,,Creek
Creek,,Zayne
Zayne,,Creek
Creek,,Zeph
Zeph,,Creek
Creek,,Zero
Zero,,Creek
Dami,,Emilio
Emilio,,Dami
Dami,,Emira
Emira,,Dami
Dami,,Estelle
Estelle,,Dami
Dami,Pupil,Faust
Faust,Mentor,Dami
Dami,,Fox
Fox,,Dami
Dami,,Green
Green,,Dami
Dami,,Hina
Hina,,Dami
Dami,,Io
Io,,Dami
Dami,,Jace
Jace,,Dami
Dami,,Jamie
Jamie,,Dami
Dami,Handler,Jaylo
Jaylo,Captive,Dami
Dami,General,Kieran
Kieran,Sergeant,Dami
Dami,,Kira
Kira,,Dami
Dami,,Konnie
Konnie,,Dami
Dami,,Kore
Kore,,Dami
Dami,,Lavender
Lavender,,Dami
Dami,,Leah
Leah,,Dami
Dami,,Lee
Lee,,Dami
Dami,Technical father,Len
Len,Technical son,Dami
Dami,,Leonidas
Leonidas,,Dami
Dami,,Loki
Loki,,Dami
Dami,,Loki Primavera
Loki Primavera,,Dami
Dami,,Luca
Luca,,Dami
Dami,Cousin,Lucielle
Lucielle,Cousin,Dami
Dami,,Margot
Margot,,Dami
Dami,,Marx
Marx,,Dami
Dami,,Mephisto
Mephisto,,Dami
Dami,,Moyo
Moyo,,Dami
Dami,,Natz
Natz,,Dami
Dami,Older brother,Persephone
Persephone,Younger sister,Dami
Dami,Son,Pherenix
Pherenix,Father,Dami
Dami,,Rat
Rat,,Dami
Dami,Nephew,Rei
Rei,Aunt,Dami
Dami,,S
S,,Dami
Dami,,Sierra
Sierra,,Dami
Dami,,Soren
Soren,,Dami
Dami,,Taka
Taka,,Dami
Dami,,Vanessa
Vanessa,,Dami
Dami,,Vi
Vi,,Dami
Dami,Technical Father,X
X,Technical Son,Dami
Dami,,Zayne
Zayne,,Dami
Dami,,Zeph
Zeph,,Dami
Dami,,Zero
Zero,,Dami
Emilio,,Emira
Emira,,Emilio
Emilio,,Estelle
Estelle,,Emilio
Emilio,,Faust
Faust,,Emilio
Emilio,,Fox
Fox,,Emilio
Emilio,,Green
Green,,Emilio
Emilio,,Hina
Hina,,Emilio
Emilio,,Io
Io,,Emilio
Emilio,,Jace
Jace,,Emilio
Emilio,,Jamie
Jamie,,Emilio
Emilio,,Jaylo
Jaylo,,Emilio
Emilio,,Kieran
Kieran,,Emilio
Emilio,,Kira
Kira,,Emilio
Emilio,,Konnie
Konnie,,Emilio
Emilio,,Kore
Kore,,Emilio
Emilio,,Lavender
Lavender,,Emilio
Emilio,,Leah
Leah,,Emilio
Emilio,,Lee
Lee,,Emilio
Emilio,,Len
Len,,Emilio
Emilio,,Leonidas
Leonidas,,Emilio
Emilio,,Loki
Loki,,Emilio
Emilio,,Loki Primavera
Loki Primavera,,Emilio
Emilio,,Luca
Luca,,Emilio
Emilio,,Lucielle
Lucielle,,Emilio
Emilio,,Margot
Margot,,Emilio
Emilio,,Marx
Marx,,Emilio
Emilio,,Mephisto
Mephisto,,Emilio
Emilio,,Moyo
Moyo,,Emilio
Emilio,,Natz
Natz,,Emilio
Emilio,,Persephone
Persephone,,Emilio
Emilio,,Pherenix
Pherenix,,Emilio
Emilio,,Rat
Rat,,Emilio
Emilio,,Rei
Rei,,Emilio
Emilio,,S
S,,Emilio
Emilio,,Sierra
Sierra,,Emilio
Emilio,,Soren
Soren,,Emilio
Emilio,,Taka
Taka,,Emilio
Emilio,,Vanessa
Vanessa,,Emilio
Emilio,,Vi
Vi,,Emilio
Emilio,,X
X,,Emilio
Emilio,,Zayne
Zayne,,Emilio
Emilio,,Zeph
Zeph,,Emilio
Emilio,,Zero
Zero,,Emilio
Emira,,Estelle
Estelle,,Emira
Emira,,Faust
Faust,,Emira
Emira,,Fox
Fox,,Emira
Emira,,Green
Green,,Emira
Emira,Friend,Hina
Hina,Friend,Emira
Emira,,Io
Io,,Emira
Emira,,Jace
Jace,,Emira
Emira,,Jamie
Jamie,,Emira
Emira,,Jaylo
Jaylo,,Emira
Emira,,Kieran
Kieran,,Emira
Emira,,Kira
Kira,,Emira
Emira,Friend,Konnie
Konnie,Friend,Emira
Emira,,Kore
Kore,,Emira
Emira,,Lavender
Lavender,,Emira
Emira,,Leah
Leah,,Emira
Emira,,Lee
Lee,,Emira
Emira,,Len
Len,,Emira
Emira,,Leonidas
Leonidas,,Emira
Emira,Friend,Loki
Loki,Friend,Emira
Emira,,Loki Primavera
Loki Primavera,,Emira
Emira,,Luca
Luca,,Emira
Emira,,Lucielle
Lucielle,,Emira
Emira,,Margot
Margot,,Emira
Emira,,Marx
Marx,,Emira
Emira,,Mephisto
Mephisto,,Emira
Emira,Friend,Moyo
Moyo,Friend,Emira
Emira,,Natz
Natz,,Emira
Emira,Friend,Persephone
Persephone,Friend,Emira
Emira,,Pherenix
Pherenix,,Emira
Emira,,Rat
Rat,,Emira
Emira,,Rei
Rei,,Emira
Emira,,S
S,,Emira
Emira,,Sierra
Sierra,,Emira
Emira,,Soren
Soren,,Emira
Emira,,Taka
Taka,,Emira
Emira,,Vanessa
Vanessa,,Emira
Emira,,Vi
Vi,,Emira
Emira,,X
X,,Emira
Emira,,Zayne
Zayne,,Emira
Emira,,Zeph
Zeph,,Emira
Emira,,Zero
Zero,,Emira
Estelle,,Faust
Faust,,Estelle
Estelle,,Fox
Fox,,Estelle
Estelle,,Green
Green,,Estelle
Estelle,,Hina
Hina,,Estelle
Estelle,,Io
Io,,Estelle
Estelle,,Jace
Jace,,Estelle
Estelle,,Jamie
Jamie,,Estelle
Estelle,,Jaylo
Jaylo,,Estelle
Estelle,,Kieran
Kieran,,Estelle
Estelle,,Kira
Kira,,Estelle
Estelle,,Konnie
Konnie,,Estelle
Estelle,,Kore
Kore,,Estelle
Estelle,,Lavender
Lavender,,Estelle
Estelle,,Leah
Leah,,Estelle
Estelle,,Lee
Lee,,Estelle
Estelle,,Len
Len,,Estelle
Estelle,,Leonidas
Leonidas,,Estelle
Estelle,,Loki
Loki,,Estelle
Estelle,,Loki Primavera
Loki Primavera,,Estelle
Estelle,,Luca
Luca,,Estelle
Estelle,,Lucielle
Lucielle,,Estelle
Estelle,,Margot
Margot,,Estelle
Estelle,Sister in-law,Marx
Marx,Brother in-law,Estelle
Estelle,,Mephisto
Mephisto,,Estelle
Estelle,,Moyo
Moyo,,Estelle
Estelle,Wife,Natz
Natz,Husband,Estelle
Estelle,,Persephone
Persephone,,Estelle
Estelle,,Pherenix
Pherenix,,Estelle
Estelle,,Rat
Rat,,Estelle
Estelle,Handler,Rei
Rei,Apprentice,Estelle
Estelle,,S
S,,Estelle
Estelle,,Sierra
Sierra,,Estelle
Estelle,,Soren
Soren,,Estelle
Estelle,,Taka
Taka,,Estelle
Estelle,,Vanessa
Vanessa,,Estelle
Estelle,,Vi
Vi,,Estelle
Estelle,,X
X,,Estelle
Estelle,,Zayne
Zayne,,Estelle
Estelle,Handler,Zeph
Zeph,Apprentice,Estelle
Estelle,,Zero
Zero,,Estelle
Faust,,Fox
Fox,,Faust
Faust,,Green
Green,,Faust
Faust,,Hina
Hina,,Faust
Faust,,Io
Io,,Faust
Faust,,Jace
Jace,,Faust
Faust,,Jamie
Jamie,,Faust
Faust,,Jaylo
Jaylo,,Faust
Faust,,Kieran
Kieran,,Faust
Faust,,Kira
Kira,,Faust
Faust,,Konnie
Konnie,,Faust
Faust,,Kore
Kore,,Faust
Faust,,Lavender
Lavender,,Faust
Faust,,Leah
Leah,,Faust
Faust,,Lee
Lee,,Faust
Faust,,Len
Len,,Faust
Faust,,Leonidas
Leonidas,,Faust
Faust,,Loki
Loki,,Faust
Faust,,Loki Primavera
Loki Primavera,,Faust
Faust,,Luca
Luca,,Faust
Faust,,Lucielle
Lucielle,,Faust
Faust,,Margot
Margot,,Faust
Faust,,Marx
Marx,,Faust
Faust,Devotee,Mephisto
Mephisto,False savior,Faust
Faust,,Moyo
Moyo,,Faust
Faust,,Natz
Natz,,Faust
Faust,,Persephone
Persephone,,Faust
Faust,,Pherenix
Pherenix,,Faust
Faust,,Rat
Rat,,Faust
Faust,,Rei
Rei,,Faust
Faust,,S
S,,Faust
Faust,,Sierra
Sierra,,Faust
Faust,,Soren
Soren,,Faust
Faust,,Taka
Taka,,Faust
Faust,,Vanessa
Vanessa,,Faust
Faust,,Vi
Vi,,Faust
Faust,,X
X,,Faust
Faust,,Zayne
Zayne,,Faust
Faust,,Zeph
Zeph,,Faust
Faust,,Zero
Zero,,Faust
Fox,General,Green
Green,General,Fox
Fox,,Hina
Hina,,Fox
Fox,,Io
Io,,Fox
Fox,,Jace
Jace,,Fox
Fox,,Jamie
Jamie,,Fox
Fox,,Jaylo
Jaylo,,Fox
Fox,,Kieran
Kieran,,Fox
Fox,,Kira
Kira,,Fox
Fox,,Konnie
Konnie,,Fox
Fox,Handler,Kore
Kore,Captive,Fox
Fox,General,Lavender
Lavender,General,Fox
Fox,,Leah
Leah,,Fox
Fox,,Lee
Lee,,Fox
Fox,,Len
Len,,Fox
Fox,,Leonidas
Leonidas,,Fox
Fox,General,Loki
Loki,Deserter,Fox
Fox,,Loki Primavera
Loki Primavera,,Fox
Fox,,Luca
Luca,,Fox
Fox,,Lucielle
Lucielle,,Fox
Fox,Widow,Margot
Margot,Lover,Fox
Fox,,Marx
Marx,,Fox
Fox,,Mephisto
Mephisto,,Fox
Fox,,Moyo
Moyo,,Fox
Fox,,Natz
Natz,,Fox
Fox,,Persephone
Persephone,,Fox
Fox,,Pherenix
Pherenix,,Fox
Fox,,Rat
Rat,,Fox
Fox,,Rei
Rei,,Fox
Fox,"General, Friend",S
S,"General, Friend",Fox
Fox,,Sierra
Sierra,,Fox
Fox,,Soren
Soren,,Fox
Fox,,Taka
Taka,,Fox
Fox,,Vanessa
Vanessa,,Fox
Fox,,Vi
Vi,,Fox
Fox,,X
X,,Fox
Fox,,Zayne
Zayne,,Fox
Fox,,Zeph
Zeph,,Fox
Fox,,Zero
Zero,,Fox
Green,,Hina
Hina,,Green
Green,,Io
Io,,Green
Green,,Jace
Jace,,Green
Green,,Jamie
Jamie,,Green
Green,,Jaylo
Jaylo,,Green
Green,,Kieran
Kieran,,Green
Green,,Kira
Kira,,Green
Green,,Konnie
Konnie,,Green
Green,,Kore
Kore,,Green
Green,,Lavender
Lavender,,Green
Green,,Leah
Leah,,Green
Green,,Lee
Lee,,Green
Green,,Len
Len,,Green
Green,,Leonidas
Leonidas,,Green
Green,,Loki
Loki,,Green
Green,,Loki Primavera
Loki Primavera,,Green
Green,,Luca
Luca,,Green
Green,,Lucielle
Lucielle,,Green
Green,,Margot
Margot,,Green
Green,,Marx
Marx,,Green
Green,,Mephisto
Mephisto,,Green
Green,,Moyo
Moyo,,Green
Green,,Natz
Natz,,Green
Green,,Persephone
Persephone,,Green
Green,,Pherenix
Pherenix,,Green
Green,,Rat
Rat,,Green
Green,,Rei
Rei,,Green
Green,,S
S,,Green
Green,,Sierra
Sierra,,Green
Green,,Soren
Soren,,Green
Green,,Taka
Taka,,Green
Green,,Vanessa
Vanessa,,Green
Green,,Vi
Vi,,Green
Green,,X
X,,Green
Green,,Zayne
Zayne,,Green
Green,,Zeph
Zeph,,Green
Green,,Zero
Zero,,Green
Hina,,Io
Io,,Hina
Hina,,Jace
Jace,,Hina
Hina,,Jamie
Jamie,,Hina
Hina,,Jaylo
Jaylo,,Hina
Hina,,Kieran
Kieran,,Hina
Hina,,Kira
Kira,,Hina
Hina,Friend,Konnie
Konnie,Friend,Hina
Hina,,Kore
Kore,,Hina
Hina,,Lavender
Lavender,,Hina
Hina,,Leah
Leah,,Hina
Hina,,Lee
Lee,,Hina
Hina,,Len
Len,,Hina
Hina,,Leonidas
Leonidas,,Hina
Hina,Friend,Loki
Loki,Friend,Hina
Hina,,Loki Primavera
Loki Primavera,,Hina
Hina,,Luca
Luca,,Hina
Hina,,Lucielle
Lucielle,,Hina
Hina,,Margot
Margot,,Hina
Hina,,Marx
Marx,,Hina
Hina,,Mephisto
Mephisto,,Hina
Hina,Friend,Moyo
Moyo,Friend,Hina
Hina,,Natz
Natz,,Hina
Hina,,Persephone
Persephone,,Hina
Hina,,Pherenix
Pherenix,,Hina
Hina,,Rat
Rat,,Hina
Hina,,Rei
Rei,,Hina
Hina,,S
S,,Hina
Hina,,Sierra
Sierra,,Hina
Hina,,Soren
Soren,,Hina
Hina,,Taka
Taka,,Hina
Hina,,Vanessa
Vanessa,,Hina
Hina,,Vi
Vi,,Hina
Hina,,X
X,,Hina
Hina,,Zayne
Zayne,,Hina
Hina,,Zeph
Zeph,,Hina
Hina,,Zero
Zero,,Hina
Io,,Jace
Jace,,Io
Io,,Jamie
Jamie,,Io
Io,,Jaylo
Jaylo,,Io
Io,,Kieran
Kieran,,Io
Io,,Kira
Kira,,Io
Io,,Konnie
Konnie,,Io
Io,,Kore
Kore,,Io
Io,,Lavender
Lavender,,Io
Io,,Leah
Leah,,Io
Io,,Lee
Lee,,Io
Io,,Len
Len,,Io
Io,,Leonidas
Leonidas,,Io
Io,,Loki
Loki,,Io
Io,,Loki Primavera
Loki Primavera,,Io
Io,,Luca
Luca,,Io
Io,,Lucielle
Lucielle,,Io
Io,,Margot
Margot,,Io
Io,,Marx
Marx,,Io
Io,,Mephisto
Mephisto,,Io
Io,,Moyo
Moyo,,Io
Io,,Natz
Natz,,Io
Io,,Persephone
Persephone,,Io
Io,,Pherenix
Pherenix,,Io
Io,,Rat
Rat,,Io
Io,,Rei
Rei,,Io
Io,,S
S,,Io
Io,,Sierra
Sierra,,Io
Io,,Soren
Soren,,Io
Io,,Taka
Taka,,Io
Io,,Vanessa
Vanessa,,Io
Io,Twin Brother,Vi
Vi,Twin sister,Io
Io,"Test subject, spare parts",X
X,"Handler, abuser",Io
Io,,Zayne
Zayne,,Io
Io,,Zeph
Zeph,,Io
Io,,Zero
Zero,,Io
Jace,,Jamie
Jamie,,Jace
Jace,,Jaylo
Jaylo,,Jace
Jace,,Kieran
Kieran,,Jace
Jace,,Kira
Kira,,Jace
Jace,,Konnie
Konnie,,Jace
Jace,,Kore
Kore,,Jace
Jace,,Lavender
Lavender,,Jace
Jace,Acquaintence,Leah
Leah,Acquaintence,Jace
Jace,Friend,Lee
Lee,Friend,Jace
Jace,,Len
Len,,Jace
Jace,Friend,Leonidas
Leonidas,Friend,Jace
Jace,,Loki
Loki,,Jace
Jace,,Loki Primavera
Loki Primavera,,Jace
Jace,,Luca
Luca,,Jace
Jace,,Lucielle
Lucielle,,Jace
Jace,,Margot
Margot,,Jace
Jace,,Marx
Marx,,Jace
Jace,,Mephisto
Mephisto,,Jace
Jace,,Moyo
Moyo,,Jace
Jace,"Private, Blacksmith, Trainer",Natz
Natz,"General, handler",Jace
Jace,,Persephone
Persephone,,Jace
Jace,Squadmate,Pherenix
Pherenix,Squadmate,Jace
Jace,,Rat
Rat,,Jace
Jace,Friend,Rei
Rei,Friend,Jace
Jace,,S
S,,Jace
Jace,,Sierra
Sierra,,Jace
Jace,,Soren
Soren,,Jace
Jace,,Taka
Taka,,Jace
Jace,,Vanessa
Vanessa,,Jace
Jace,Annoying co-worker,Vi
Vi,Annoying co-worker,Jace
Jace,,X
X,,Jace
Jace,,Zayne
Zayne,,Jace
Jace,Best Friend,Zeph
Zeph,Best Friend,Jace
Jace,,Zero
Zero,,Jace
Jamie,,Jaylo
Jaylo,,Jamie
Jamie,,Kieran
Kieran,,Jamie
Jamie,,Kira
Kira,,Jamie
Jamie,,Konnie
Konnie,,Jamie
Jamie,,Kore
Kore,,Jamie
Jamie,,Lavender
Lavender,,Jamie
Jamie,,Leah
Leah,,Jamie
Jamie,,Lee
Lee,,Jamie
Jamie,,Len
Len,,Jamie
Jamie,,Leonidas
Leonidas,,Jamie
Jamie,,Loki
Loki,,Jamie
Jamie,,Loki Primavera
Loki Primavera,,Jamie
Jamie,,Luca
Luca,,Jamie
Jamie,,Lucielle
Lucielle,,Jamie
Jamie,,Margot
Margot,,Jamie
Jamie,,Marx
Marx,,Jamie
Jamie,,Mephisto
Mephisto,,Jamie
Jamie,Friend,Moyo
Moyo,Friend,Jamie
Jamie,,Natz
Natz,,Jamie
Jamie,Spouse,Persephone
Persephone,Spouse,Jamie
Jamie,Son in-law,Pherenix
Pherenix,Father in-law,Jamie
Jamie,,Rat
Rat,,Jamie
Jamie,,Rei
Rei,,Jamie
Jamie,,S
S,,Jamie
Jamie,,Sierra
Sierra,,Jamie
Jamie,,Soren
Soren,,Jamie
Jamie,,Taka
Taka,,Jamie
Jamie,,Vanessa
Vanessa,,Jamie
Jamie,,Vi
Vi,,Jamie
Jamie,,X
X,,Jamie
Jamie,Friend,Zayne
Zayne,Friend,Jamie
Jamie,,Zeph
Zeph,,Jamie
Jamie,,Zero
Zero,,Jamie
Jaylo,"Captive, test subject",Kieran
Kieran,"Captor, abuser",Jaylo
Jaylo,,Kira
Kira,,Jaylo
Jaylo,,Konnie
Konnie,,Jaylo
Jaylo,,Kore
Kore,,Jaylo
Jaylo,,Lavender
Lavender,,Jaylo
Jaylo,,Leah
Leah,,Jaylo
Jaylo,,Lee
Lee,,Jaylo
Jaylo,,Len
Len,,Jaylo
Jaylo,,Leonidas
Leonidas,,Jaylo
Jaylo,,Loki
Loki,,Jaylo
Jaylo,Girlfriend,Loki Primavera
Loki Primavera,Girlfriend,Jaylo
Jaylo,,Luca
Luca,,Jaylo
Jaylo,,Lucielle
Lucielle,,Jaylo
Jaylo,,Margot
Margot,,Jaylo
Jaylo,,Marx
Marx,,Jaylo
Jaylo,,Mephisto
Mephisto,,Jaylo
Jaylo,Friend,Moyo
Moyo,Friend,Jaylo
Jaylo,,Natz
Natz,,Jaylo
Jaylo,,Persephone
Persephone,,Jaylo
Jaylo,,Pherenix
Pherenix,,Jaylo
Jaylo,,Rat
Rat,,Jaylo
Jaylo,,Rei
Rei,,Jaylo
Jaylo,,S
S,,Jaylo
Jaylo,,Sierra
Sierra,,Jaylo
Jaylo,Captor,Soren
Soren,"Handler, savior",Jaylo
Jaylo,,Taka
Taka,,Jaylo
Jaylo,,Vanessa
Vanessa,,Jaylo
Jaylo,,Vi
Vi,,Jaylo
Jaylo,,X
X,,Jaylo
Jaylo,Friend,Zayne
Zayne,Friend,Jaylo
Jaylo,,Zeph
Zeph,,Jaylo
Jaylo,,Zero
Zero,,Jaylo
Kieran,,Kira
Kira,,Kieran
Kieran,,Konnie
Konnie,,Kieran
Kieran,,Kore
Kore,,Kieran
Kieran,,Lavender
Lavender,,Kieran
Kieran,,Leah
Leah,,Kieran
Kieran,,Lee
Lee,,Kieran
Kieran,,Len
Len,,Kieran
Kieran,,Leonidas
Leonidas,,Kieran
Kieran,,Loki
Loki,,Kieran
Kieran,,Loki Primavera
Loki Primavera,,Kieran
Kieran,,Luca
Luca,,Kieran
Kieran,,Lucielle
Lucielle,,Kieran
Kieran,,Margot
Margot,,Kieran
Kieran,,Marx
Marx,,Kieran
Kieran,,Mephisto
Mephisto,,Kieran
Kieran,,Moyo
Moyo,,Kieran
Kieran,Son,Natz
Natz,Bastard father,Kieran
Kieran,,Persephone
Persephone,,Kieran
Kieran,,Pherenix
Pherenix,,Kieran
Kieran,,Rat
Rat,,Kieran
Kieran,,Rei
Rei,,Kieran
Kieran,,S
S,,Kieran
Kieran,Son,Sierra
Sierra,Mother,Kieran
Kieran,"Sergeant, Husband",Soren
Soren,"Spy, Husband",Kieran
Kieran,,Taka
Taka,,Kieran
Kieran,Prosecuting attorney,Vanessa
Vanessa,Defendant,Kieran
Kieran,,Vi
Vi,,Kieran
Kieran,,X
X,,Kieran
Kieran,Sergeant,Zayne
Zayne,General,Kieran
Kieran,,Zeph
Zeph,,Kieran
Kieran,,Zero
Zero,,Kieran
Kira,,Konnie
Konnie,,Kira
Kira,,Kore
Kore,,Kira
Kira,,Lavender
Lavender,,Kira
Kira,,Leah
Leah,,Kira
Kira,,Lee
Lee,,Kira
Kira,,Len
Len,,Kira
Kira,,Leonidas
Leonidas,,Kira
Kira,,Loki
Loki,,Kira
Kira,,Loki Primavera
Loki Primavera,,Kira
Kira,,Luca
Luca,,Kira
Kira,,Lucielle
Lucielle,,Kira
Kira,,Margot
Margot,,Kira
Kira,,Marx
Marx,,Kira
Kira,,Mephisto
Mephisto,,Kira
Kira,,Moyo
Moyo,,Kira
Kira,,Natz
Natz,,Kira
Kira,,Persephone
Persephone,,Kira
Kira,,Pherenix
Pherenix,,Kira
Kira,Squadmate,Rat
Rat,Squadmate,Kira
Kira,,Rei
Rei,,Kira
Kira,,S
S,,Kira
Kira,,Sierra
Sierra,,Kira
Kira,,Soren
Soren,,Kira
Kira,Twin sister,Taka
Taka,Twin brother,Kira
Kira,,Vanessa
Vanessa,,Kira
Kira,,Vi
Vi,,Kira
Kira,,X
X,,Kira
Kira,,Zayne
Zayne,,Kira
Kira,,Zeph
Zeph,,Kira
Kira,Squadmate,Zero
Zero,Squadmate,Kira
Konnie,,Kore
Kore,,Konnie
Konnie,,Lavender
Lavender,,Konnie
Konnie,,Leah
Leah,,Konnie
Konnie,,Lee
Lee,,Konnie
Konnie,,Len
Len,,Konnie
Konnie,,Leonidas
Leonidas,,Konnie
Konnie,Friend,Loki
Loki,Friend,Konnie
Konnie,,Loki Primavera
Loki Primavera,,Konnie
Konnie,,Luca
Luca,,Konnie
Konnie,,Lucielle
Lucielle,,Konnie
Konnie,,Margot
Margot,,Konnie
Konnie,,Marx
Marx,,Konnie
Konnie,,Mephisto
Mephisto,,Konnie
Konnie,Friend,Moyo
Moyo,Friend,Konnie
Konnie,,Natz
Natz,,Konnie
Konnie,Ally,Persephone
Persephone,Ally,Konnie
Konnie,,Pherenix
Pherenix,,Konnie
Konnie,,Rat
Rat,,Konnie
Konnie,,Rei
Rei,,Konnie
Konnie,,S
S,,Konnie
Konnie,,Sierra
Sierra,,Konnie
Konnie,,Soren
Soren,,Konnie
Konnie,,Taka
Taka,,Konnie
Konnie,,Vanessa
Vanessa,,Konnie
Konnie,,Vi
Vi,,Konnie
Konnie,,X
X,,Konnie
Konnie,,Zayne
Zayne,,Konnie
Konnie,,Zeph
Zeph,,Konnie
Konnie,,Zero
Zero,,Konnie
Kore,,Lavender
Lavender,,Kore
Kore,,Leah
Leah,,Kore
Kore,,Lee
Lee,,Kore
Kore,,Len
Len,,Kore
Kore,,Leonidas
Leonidas,,Kore
Kore,Friend in distress,Loki
Loki,Savior,Kore
Kore,,Loki Primavera
Loki Primavera,,Kore
Kore,,Luca
Luca,,Kore
Kore,,Lucielle
Lucielle,,Kore
Kore,,Margot
Margot,,Kore
Kore,,Marx
Marx,,Kore
Kore,,Mephisto
Mephisto,,Kore
Kore,,Moyo
Moyo,,Kore
Kore,,Natz
Natz,,Kore
Kore,"Self, pseudonym",Persephone
Persephone,Self,Kore
Kore,,Pherenix
Pherenix,,Kore
Kore,,Rat
Rat,,Kore
Kore,,Rei
Rei,,Kore
Kore,,S
S,,Kore
Kore,,Sierra
Sierra,,Kore
Kore,,Soren
Soren,,Kore
Kore,,Taka
Taka,,Kore
Kore,,Vanessa
Vanessa,,Kore
Kore,,Vi
Vi,,Kore
Kore,,X
X,,Kore
Kore,,Zayne
Zayne,,Kore
Kore,,Zeph
Zeph,,Kore
Kore,,Zero
Zero,,Kore
Lavender,,Leah
Leah,,Lavender
Lavender,,Lee
Lee,,Lavender
Lavender,,Len
Len,,Lavender
Lavender,,Leonidas
Leonidas,,Lavender
Lavender,,Loki
Loki,,Lavender
Lavender,,Loki Primavera
Loki Primavera,,Lavender
Lavender,,Luca
Luca,,Lavender
Lavender,,Lucielle
Lucielle,,Lavender
Lavender,,Margot
Margot,,Lavender
Lavender,,Marx
Marx,,Lavender
Lavender,,Mephisto
Mephisto,,Lavender
Lavender,,Moyo
Moyo,,Lavender
Lavender,,Natz
Natz,,Lavender
Lavender,,Persephone
Persephone,,Lavender
Lavender,,Pherenix
Pherenix,,Lavender
Lavender,,Rat
Rat,,Lavender
Lavender,,Rei
Rei,,Lavender
Lavender,,S
S,,Lavender
Lavender,,Sierra
Sierra,,Lavender
Lavender,,Soren
Soren,,Lavender
Lavender,,Taka
Taka,,Lavender
Lavender,,Vanessa
Vanessa,,Lavender
Lavender,,Vi
Vi,,Lavender
Lavender,,X
X,,Lavender
Lavender,,Zayne
Zayne,,Lavender
Lavender,,Zeph
Zeph,,Lavender
Lavender,,Zero
Zero,,Lavender
Leah,,Lee
Lee,,Leah
Leah,,Len
Len,,Leah
Leah,,Leonidas
Leonidas,,Leah
Leah,,Loki
Loki,,Leah
Leah,,Loki Primavera
Loki Primavera,,Leah
Leah,,Luca
Luca,,Leah
Leah,,Lucielle
Lucielle,,Leah
Leah,,Margot
Margot,,Leah
Leah,Wife,Marx
Marx,"Husband, widow",Leah
Leah,,Mephisto
Mephisto,,Leah
Leah,,Moyo
Moyo,,Leah
Leah,,Natz
Natz,,Leah
Leah,,Persephone
Persephone,,Leah
Leah,,Pherenix
Pherenix,,Leah
Leah,,Rat
Rat,,Leah
Leah,,Rei
Rei,,Leah
Leah,,S
S,,Leah
Leah,,Sierra
Sierra,,Leah
Leah,,Soren
Soren,,Leah
Leah,,Taka
Taka,,Leah
Leah,,Vanessa
Vanessa,,Leah
Leah,,Vi
Vi,,Leah
Leah,Victim,X
X,Murderer,Leah
Leah,,Zayne
Zayne,,Leah
Leah,,Zeph
Zeph,,Leah
Leah,,Zero
Zero,,Leah
Lee,,Len
Len,,Lee
Lee,Future self,Leonidas
Leonidas,Past self,Lee
Lee,,Loki
Loki,,Lee
Lee,,Loki Primavera
Loki Primavera,,Lee
Lee,,Luca
Luca,,Lee
Lee,,Lucielle
Lucielle,,Lee
Lee,,Margot
Margot,,Lee
Lee,,Marx
Marx,,Lee
Lee,,Mephisto
Mephisto,,Lee
Lee,,Moyo
Moyo,,Lee
Lee,False clone,Natz
Natz,False donor,Lee
Lee,,Persephone
Persephone,,Lee
Lee,,Pherenix
Pherenix,,Lee
Lee,,Rat
Rat,,Lee
Lee,,Rei
Rei,,Lee
Lee,,S
S,,Lee
Lee,,Sierra
Sierra,,Lee
Lee,,Soren
Soren,,Lee
Lee,,Taka
Taka,,Lee
Lee,,Vanessa
Vanessa,,Lee
Lee,"Husband, victim",Vi
Vi,"Wife, abuser, groomer",Lee
Lee,Mimic of,X
X,being mimicked by,Lee
Lee,,Zayne
Zayne,,Lee
Lee,,Zeph
Zeph,,Lee
Lee,,Zero
Zero,,Lee
Len,,Leonidas
Leonidas,,Len
Len,,Loki
Loki,,Len
Len,,Loki Primavera
Loki Primavera,,Len
Len,,Luca
Luca,,Len
Len,Acquaintence,Lucielle
Lucielle,Acquaintence,Len
Len,,Margot
Margot,,Len
Len,,Marx
Marx,,Len
Len,"Victim, daughter",Mephisto
Mephisto,"Murderer, daughter",Len
Len,,Moyo
Moyo,,Len
Len,,Natz
Natz,,Len
Len,,Persephone
Persephone,,Len
Len,,Pherenix
Pherenix,,Len
Len,,Rat
Rat,,Len
Len,,Rei
Rei,,Len
Len,,S
S,,Len
Len,,Sierra
Sierra,,Len
Len,,Soren
Soren,,Len
Len,,Taka
Taka,,Len
Len,,Vanessa
Vanessa,,Len
Len,,Vi
Vi,,Len
Len,Half sister,X
X,Half brother,Len
Len,,Zayne
Zayne,,Len
Len,,Zeph
Zeph,,Len
Len,,Zero
Zero,,Len
Leonidas,,Loki
Loki,,Leonidas
Leonidas,,Loki Primavera
Loki Primavera,,Leonidas
Leonidas,,Luca
Luca,,Leonidas
Leonidas,,Lucielle
Lucielle,,Leonidas
Leonidas,,Margot
Margot,,Leonidas
Leonidas,"Private, victim",Marx
Marx,"Sergeant, abuser",Leonidas
Leonidas,,Mephisto
Mephisto,,Leonidas
Leonidas,,Moyo
Moyo,,Leonidas
Leonidas,Victim,Natz
Natz,Abuser,Leonidas
Leonidas,,Persephone
Persephone,,Leonidas
Leonidas,Friend,Pherenix
Pherenix,Friend,Leonidas
Leonidas,,Rat
Rat,,Leonidas
Leonidas,Best Friend,Rei
Rei,Best Friend,Leonidas
Leonidas,,S
S,,Leonidas
Leonidas,,Sierra
Sierra,,Leonidas
Leonidas,,Soren
Soren,,Leonidas
Leonidas,,Taka
Taka,,Leonidas
Leonidas,,Vanessa
Vanessa,,Leonidas
Leonidas,Awkward friend,Vi
Vi,Crushes on Leo,Leonidas
Leonidas,,X
X,,Leonidas
Leonidas,,Zayne
Zayne,,Leonidas
Leonidas,Acquaintence,Zeph
Zeph,Acquaintence,Leonidas
Leonidas,,Zero
Zero,,Leonidas
Loki,,Loki Primavera
Loki Primavera,,Loki
Loki,Friend,Luca
Luca,Friend,Loki
Loki,,Lucielle
Lucielle,,Loki
Loki,,Margot
Margot,,Loki
Loki,,Marx
Marx,,Loki
Loki,,Mephisto
Mephisto,,Loki
Loki,Friend,Moyo
Moyo,Friend,Loki
Loki,,Natz
Natz,,Loki
Loki,Best Friend,Persephone
Persephone,Best Friend,Loki
Loki,,Pherenix
Pherenix,,Loki
Loki,,Rat
Rat,,Loki
Loki,,Rei
Rei,,Loki
Loki,,S
S,,Loki
Loki,,Sierra
Sierra,,Loki
Loki,,Soren
Soren,,Loki
Loki,,Taka
Taka,,Loki
Loki,,Vanessa
Vanessa,,Loki
Loki,,Vi
Vi,,Loki
Loki,,X
X,,Loki
Loki,,Zayne
Zayne,,Loki
Loki,,Zeph
Zeph,,Loki
Loki,,Zero
Zero,,Loki
Loki Primavera,,Luca
Luca,,Loki Primavera
Loki Primavera,,Lucielle
Lucielle,,Loki Primavera
Loki Primavera,,Margot
Margot,,Loki Primavera
Loki Primavera,,Marx
Marx,,Loki Primavera
Loki Primavera,,Mephisto
Mephisto,,Loki Primavera
Loki Primavera,Friend,Moyo
Moyo,Friend,Loki Primavera
Loki Primavera,,Natz
Natz,,Loki Primavera
Loki Primavera,Best Friend,Persephone
Persephone,Best Friend,Loki Primavera
Loki Primavera,,Pherenix
Pherenix,,Loki Primavera
Loki Primavera,,Rat
Rat,,Loki Primavera
Loki Primavera,,Rei
Rei,,Loki Primavera
Loki Primavera,,S
S,,Loki Primavera
Loki Primavera,,Sierra
Sierra,,Loki Primavera
Loki Primavera,,Soren
Soren,,Loki Primavera
Loki Primavera,,Taka
Taka,,Loki Primavera
Loki Primavera,,Vanessa
Vanessa,,Loki Primavera
Loki Primavera,,Vi
Vi,,Loki Primavera
Loki Primavera,,X
X,,Loki Primavera
Loki Primavera,,Zayne
Zayne,,Loki Primavera
Loki Primavera,,Zeph
Zeph,,Loki Primavera
Loki Primavera,,Zero
Zero,,Loki Primavera
Luca,Universal Variant,Lucielle
Lucielle,Universal Variant,Luca
Luca,,Margot
Margot,,Luca
Luca,,Marx
Marx,,Luca
Luca,,Mephisto
Mephisto,,Luca
Luca,Friend,Moyo
Moyo,Friend,Luca
Luca,,Natz
Natz,,Luca
Luca,,Persephone
Persephone,,Luca
Luca,,Pherenix
Pherenix,,Luca
Luca,,Rat
Rat,,Luca
Luca,,Rei
Rei,,Luca
Luca,,S
S,,Luca
Luca,,Sierra
Sierra,,Luca
Luca,,Soren
Soren,,Luca
Luca,,Taka
Taka,,Luca
Luca,,Vanessa
Vanessa,,Luca
Luca,,Vi
Vi,,Luca
Luca,,X
X,,Luca
Luca,,Zayne
Zayne,,Luca
Luca,,Zeph
Zeph,,Luca
Luca,,Zero
Zero,,Luca
Lucielle,,Margot
Margot,,Lucielle
Lucielle,,Marx
Marx,,Lucielle
Lucielle,,Mephisto
Mephisto,,Lucielle
Lucielle,,Moyo
Moyo,,Lucielle
Lucielle,,Natz
Natz,,Lucielle
Lucielle,Cousin,Persephone
Persephone,Cousin,Lucielle
Lucielle,,Pherenix
Pherenix,,Lucielle
Lucielle,,Rat
Rat,,Lucielle
Lucielle,Daughter,Rei
Rei,Mother,Lucielle
Lucielle,,S
S,,Lucielle
Lucielle,,Sierra
Sierra,,Lucielle
Lucielle,,Soren
Soren,,Lucielle
Lucielle,,Taka
Taka,,Lucielle
Lucielle,,Vanessa
Vanessa,,Lucielle
Lucielle,Almost-victim,Vi
Vi,Attempted murderer,Lucielle
Lucielle,,X
X,,Lucielle
Lucielle,,Zayne
Zayne,,Lucielle
Lucielle,,Zeph
Zeph,,Lucielle
Lucielle,,Zero
Zero,,Lucielle
Margot,,Marx
Marx,,Margot
Margot,,Mephisto
Mephisto,,Margot
Margot,,Moyo
Moyo,,Margot
Margot,,Natz
Natz,,Margot
Margot,,Persephone
Persephone,,Margot
Margot,,Pherenix
Pherenix,,Margot
Margot,,Rat
Rat,,Margot
Margot,,Rei
Rei,,Margot
Margot,,S
S,,Margot
Margot,,Sierra
Sierra,,Margot
Margot,,Soren
Soren,,Margot
Margot,,Taka
Taka,,Margot
Margot,,Vanessa
Vanessa,,Margot
Margot,,Vi
Vi,,Margot
Margot,,X
X,,Margot
Margot,,Zayne
Zayne,,Margot
Margot,,Zeph
Zeph,,Margot
Margot,,Zero
Zero,,Margot
Marx,,Mephisto
Mephisto,,Marx
Marx,,Moyo
Moyo,,Marx
Marx,Half Brother,Natz
Natz,Half Brother,Marx
Marx,,Persephone
Persephone,,Marx
Marx,"Adoptive father, Sergeant",Pherenix
Pherenix,"Adoptive son, heir",Marx
Marx,,Rat
Rat,,Marx
Marx,Sergeant,Rei
Rei,Apprentice,Marx
Marx,,S
S,,Marx
Marx,,Sierra
Sierra,,Marx
Marx,,Soren
Soren,,Marx
Marx,,Taka
Taka,,Marx
Marx,,Vanessa
Vanessa,,Marx
Marx,,Vi
Vi,,Marx
Marx,"Adoptive son, heir",X
X,"Adoptive son, Sergeant",Marx
Marx,,Zayne
Zayne,,Marx
Marx,Sergeant,Zeph
Zeph,Assistant,Marx
Marx,,Zero
Zero,,Marx
Mephisto,,Moyo
Moyo,,Mephisto
Mephisto,,Natz
Natz,,Mephisto
Mephisto,Murderer,Persephone
Persephone,Victim,Mephisto
Mephisto,,Pherenix
Pherenix,,Mephisto
Mephisto,,Rat
Rat,,Mephisto
Mephisto,,Rei
Rei,,Mephisto
Mephisto,,S
S,,Mephisto
Mephisto,,Sierra
Sierra,,Mephisto
Mephisto,,Soren
Soren,,Mephisto
Mephisto,,Taka
Taka,,Mephisto
Mephisto,,Vanessa
Vanessa,,Mephisto
Mephisto,,Vi
Vi,,Mephisto
Mephisto,Father,X
X,Son,Mephisto
Mephisto,,Zayne
Zayne,,Mephisto
Mephisto,Father,Zeph
Zeph,Dead son,Mephisto
Mephisto,,Zero
Zero,,Mephisto
Moyo,,Natz
Natz,,Moyo
Moyo,Friend,Persephone
Persephone,Friend,Moyo
Moyo,,Pherenix
Pherenix,,Moyo
Moyo,,Rat
Rat,,Moyo
Moyo,,Rei
Rei,,Moyo
Moyo,,S
S,,Moyo
Moyo,,Sierra
Sierra,,Moyo
Moyo,,Soren
Soren,,Moyo
Moyo,,Taka
Taka,,Moyo
Moyo,,Vanessa
Vanessa,,Moyo
Moyo,,Vi
Vi,,Moyo
Moyo,,X
X,,Moyo
Moyo,Universal Variant,Zayne
Zayne,Universal Variant,Moyo
Moyo,,Zeph
Zeph,,Moyo
Moyo,,Zero
Zero,,Moyo
Natz,,Persephone
Persephone,,Natz
Natz,"Abuser, handler, bad influence",Pherenix
Pherenix,Victim,Natz
Natz,,Rat
Rat,,Natz
Natz,"General, handler, abuser",Rei
Rei,"Assistant, victim",Natz
Natz,,S
S,,Natz
Natz,,Sierra
Sierra,,Natz
Natz,,Soren
Soren,,Natz
Natz,,Taka
Taka,,Natz
Natz,,Vanessa
Vanessa,,Natz
Natz,,Vi
Vi,,Natz
Natz,Adoptive son,X
X,Adoptive father,Natz
Natz,,Zayne
Zayne,,Natz
Natz,,Zeph
Zeph,,Natz
Natz,,Zero
Zero,,Natz
Persephone,Daughter,Pherenix
Pherenix,Father,Persephone
Persephone,,Rat
Rat,,Persephone
Persephone,Niece,Rei
Rei,Aunt,Persephone
Persephone,,S
S,,Persephone
Persephone,,Sierra
Sierra,,Persephone
Persephone,,Soren
Soren,,Persephone
Persephone,,Taka
Taka,,Persephone
Persephone,,Vanessa
Vanessa,,Persephone
Persephone,,Vi
Vi,,Persephone
Persephone,,X
X,,Persephone
Persephone,,Zayne
Zayne,,Persephone
Persephone,,Zeph
Zeph,,Persephone
Persephone,,Zero
Zero,,Persephone
Pherenix,,Rat
Rat,,Pherenix
Pherenix,Friend,Rei
Rei,Friend,Pherenix
Pherenix,,S
S,,Pherenix
Pherenix,,Sierra
Sierra,,Pherenix
Pherenix,,Soren
Soren,,Pherenix
Pherenix,,Taka
Taka,,Pherenix
Pherenix,,Vanessa
Vanessa,,Pherenix
Pherenix,,Vi
Vi,,Pherenix
Pherenix,,X
X,,Pherenix
Pherenix,,Zayne
Zayne,,Pherenix
Pherenix,,Zeph
Zeph,,Pherenix
Pherenix,,Zero
Zero,,Pherenix
Rat,,Rei
Rei,,Rat
Rat,,S
S,,Rat
Rat,,Sierra
Sierra,,Rat
Rat,,Soren
Soren,,Rat
Rat,,Taka
Taka,Squadmate,Rat
Rat,,Vanessa
Vanessa,,Rat
Rat,,Vi
Vi,,Rat
Rat,,X
X,,Rat
Rat,,Zayne
Zayne,,Rat
Rat,,Zeph
Zeph,,Rat
Rat,"Squadmate, spouse",Zero
Zero,"Squadmate, spouse",Rat
Rei,,S
S,,Rei
Rei,,Sierra
Sierra,,Rei
Rei,,Soren
Soren,,Rei
Rei,,Taka
Taka,,Rei
Rei,,Vanessa
Vanessa,,Rei
Rei,,Vi
Vi,,Rei
Rei,,X
X,,Rei
Rei,,Zayne
Zayne,,Rei
Rei,,Zeph
Zeph,,Rei
Rei,,Zero
Zero,,Rei
S,,Sierra
Sierra,,S
S,,Soren
Soren,,S
S,,Taka
Taka,,S
S,,Vanessa
Vanessa,,S
S,,Vi
Vi,,S
S,,X
X,,S
S,,Zayne
Zayne,,S
S,,Zeph
Zeph,,S
S,,Zero
Zero,,S
Sierra,,Soren
Soren,,Sierra
Sierra,,Taka
Taka,,Sierra
Sierra,,Vanessa
Vanessa,,Sierra
Sierra,,Vi
Vi,,Sierra
Sierra,,X
X,,Sierra
Sierra,,Zayne
Zayne,,Sierra
Sierra,,Zeph
Zeph,,Sierra
Sierra,,Zero
Zero,,Sierra
Soren,,Taka
Taka,,Soren
Soren,,Vanessa
Vanessa,,Soren
Soren,,Vi
Vi,,Soren
Soren,,X
X,,Soren
Soren,Squadmate,Zayne
Zayne,Squadmate,Soren
Soren,,Zeph
Zeph,,Soren
Soren,,Zero
Zero,,Soren
Taka,,Vanessa
Vanessa,,Taka
Taka,,Vi
Vi,,Taka
Taka,,X
X,,Taka
Taka,,Zayne
Zayne,,Taka
Taka,,Zeph
Zeph,,Taka
Taka,,Zero
Zero,,Taka
Vanessa,,Vi
Vi,,Vanessa
Vanessa,,X
X,,Vanessa
Vanessa,,Zayne
Zayne,,Vanessa
Vanessa,,Zeph
Zeph,,Vanessa
Vanessa,,Zero
Zero,,Vanessa
Vi,"Lover, victim",X
X,"Lover, abuser",Vi
Vi,,Zayne
Zayne,,Vi
Vi,Harrasser,Zeph
Zeph,Victim,Vi
Vi,,Zero
Zero,,Vi
X,,Zayne
Zayne,,X
X,Living self,Zeph
Zeph,Dead self,X
X,,Zero
Zero,,X
Zayne,,Zeph
Zeph,,Zayne
Zayne,,Zero
Zero,,Zayne
Zeph,,Zero
Zero,,Zeph
